,popularity,artist_rank,danceability,energy,loudness,speechiness,acousticness,instrumentalness,liveness,valence,tempo,duration_ms,streams
0,1,4961,0.591,0.764,-5.484,0.0483,0.0383,0.0,0.103,0.478,169.928,141806,8702859
1,2,33,0.741,0.691,-7.395,0.0672,0.0221,0.0,0.0476,0.892,150.087,212353,7359778
2,3,56,0.577,0.684,-6.6,0.0404,0.0117,0.0,0.145,0.424,104.998,227604,4897444
3,4,11,0.762,0.766,-3.955,0.0343,0.00776,6.98e-05,0.128,0.442,130.001,287120,4870261
4,5,217,0.761,0.525,-6.9,0.0944,0.44,6.7e-06,0.0921,0.531,80.87,238805,4595016
5,6,4,0.808,0.897,-3.712,0.0348,0.0469,3.14e-05,0.364,0.591,126.026,231041,4573991
6,7,4986,0.824,0.764,-4.175,0.0854,0.0888,0.00294,0.117,0.881,107.998,172627,4325652
7,8,4,0.788,0.859,-2.724,0.0856,0.281,0.0,0.0424,0.822,141.02,207853,3908106
8,9,33,0.737,0.846,-4.51,0.22,0.00614,0.0,0.0486,0.546,87.981,143901,3902738
9,10,5048,0.714,0.8,-4.808,0.0504,0.127,0.0,0.359,0.589,134.002,211560,3861687
10,11,33,0.593,0.503,-6.725,0.22,0.293,0.0,0.405,0.71,178.781,137704,3657042
11,12,4981,0.563,0.664,-5.044,0.154,0.335,0.0,0.0849,0.688,166.928,178147,3586187
12,13,2500,0.803,0.597,-6.035,0.141,0.000619,4.5e-06,0.323,0.331,136.008,257605,3235023
13,14,4986,0.664,0.609,-6.509,0.0707,0.304,0.0,0.0926,0.194,130.041,210560,3110387
14,15,7,0.796,0.798,-6.312,0.0317,0.034,4.19e-05,0.0952,0.942,116.032,202735,3009321
15,16,40,0.764,0.705,-3.463,0.0284,0.259,8.92e-05,0.12,0.781,110.97,208667,2809990
16,17,1242,0.7,0.49,-5.187,0.076,0.186,0.0,0.117,0.569,79.982,161803,2798750
17,18,1249,0.727,0.739,-3.805,0.0411,0.365,0.00137,0.161,0.533,93.005,145800,2756677
18,19,6,0.332,0.225,-8.697,0.0348,0.767,0.00349,0.128,0.297,81.055,298899,2740488
19,20,4960,0.644,0.648,-4.601,0.118,0.276,0.0,0.135,0.44,179.951,206710,2608515
20,21,1,0.666,0.465,-8.545,0.26,0.0503,0.0,0.215,0.292,167.937,291175,2557234
21,22,15,0.78,0.719,-3.613,0.0506,0.302,0.000196,0.0931,0.336,127.962,199604,2548708
22,23,506,0.725,0.86,-3.726,0.182,0.422,0.000284,0.0674,0.791,175.896,230125,2406476
23,24,2,0.924,0.723,-3.142,0.0466,0.0177,2.61e-05,0.113,0.643,126.998,130667,2303625
24,25,7,0.702,0.825,-3.787,0.0601,0.00883,0.0,0.0674,0.915,102.977,203064,2290768
25,26,2500,0.849,0.424,-9.579,0.324,0.0635,0.0,0.0834,0.153,145.887,242966,2151392
26,27,2500,0.579,0.596,-4.823,0.0561,0.436,0.0938,0.0549,0.443,119.9,188369,2137642
27,28,551,0.806,0.653,-6.283,0.0902,0.0282,0.000784,0.107,0.85,150.058,200690,2115426
28,29,2,0.903,0.817,-3.972,0.095,0.0272,0.000311,0.242,0.732,102.014,217360,2111337
29,30,4981,0.38,0.339,-7.885,0.0338,0.691,0.0,0.12,0.0849,100.607,229227,2104677
30,31,2500,0.677,0.696,-6.181,0.119,0.321,0.0,0.42,0.464,90.03,198082,2068227
31,32,4963,0.747,0.739,-6.008,0.0487,0.0106,2.22e-05,0.101,0.523,120.996,220196,2024458
32,33,4963,0.514,0.73,-5.934,0.0598,0.00146,9.54e-05,0.0897,0.334,171.005,200040,1964155
33,34,1,0.767,0.438,-8.726,0.29,0.181,0.0,0.142,0.381,86.975,221980,1932782
34,35,4992,0.587,0.561,-6.569,0.146,0.0466,0.0,0.109,0.351,80.009,243187,1899497
35,36,4983,0.759,0.459,-5.187,0.0948,0.00323,0.0,0.0906,0.695,109.997,164442,1897269
36,37,5048,0.75,0.608,-4.008,0.0387,0.00165,0.0,0.178,0.958,132.507,173347,1887954
37,38,527,0.773,0.47,-7.93,0.0299,0.0153,0.000193,0.0851,0.399,94.995,162680,1882180
38,39,2500,0.65,0.825,-4.645,0.0325,0.0215,2.44e-05,0.0936,0.593,118.091,191014,1829481
39,40,83,0.77,0.787,-3.748,0.0583,0.198,0.0,0.262,0.513,119.986,140500,1795735
40,41,15,0.765,0.625,-3.599,0.0548,0.584,0.00111,0.112,0.262,102.101,164706,1781293
41,42,9,0.759,0.842,-3.758,0.096,0.101,0.0,0.134,0.584,105.059,263253,1780428
42,43,5479,0.829,0.512,-5.865,0.187,0.492,0.0,0.12,0.638,80.511,123987,1752425
43,44,551,0.831,0.554,-9.998,0.218,0.161,6.12e-05,0.152,0.396,140.026,168228,1724249
44,45,2,0.743,0.655,-5.015,0.159,0.114,0.0,0.0764,0.785,172.031,261335,1715118
45,46,4967,0.762,0.77,-2.758,0.223,0.138,0.0,0.15,0.631,177.998,201181,1666496
46,47,4986,0.912,0.655,-6.029,0.162,0.315,3.39e-05,0.0894,0.793,91.942,138293,1652713
47,48,4981,0.561,0.431,-8.81,0.0578,0.768,1.42e-05,0.106,0.137,143.875,242013,1644935
48,49,4982,0.583,0.67,-7.289,0.0646,0.0374,0.0001,0.126,0.498,140.061,220433,1633260
49,50,251,0.659,0.688,-4.649,0.0673,0.207,0.0,0.113,0.632,153.979,273474,1627318
50,51,168,0.671,0.636,-8.117,0.103,0.515,0.000411,0.172,0.262,120.966,148197,1617288
51,52,2500,0.787,0.833,-4.403,0.0478,0.018,0.00747,0.0374,0.796,123.97,162604,1608217
52,53,4983,0.702,0.741,-5.33,0.0427,0.00544,0.0,0.337,0.646,124.925,187585,1584581
53,54,5713,0.57,0.455,-5.748,0.0996,0.441,0.000746,0.0654,0.399,167.933,151429,1572904
54,55,4981,0.442,0.612,-7.222,0.112,0.584,5.7e-06,0.37,0.178,180.917,215507,1474820
55,56,612,0.727,0.681,-7.114,0.0265,0.00214,0.000307,0.0861,0.448,123.028,241970,1454663
56,57,4970,0.666,0.796,-6.967,0.103,0.0492,0.0,0.0442,0.61,110.108,164842,1448621
57,58,35,0.731,0.573,-10.059,0.0544,0.401,5.22e-05,0.113,0.145,109.928,205090,1446537
58,59,4995,0.548,0.816,-4.209,0.0465,0.122,0.0,0.335,0.557,95.39,174000,1439859
59,60,2500,0.711,0.611,-5.453,0.33,0.00588,0.0,0.23,0.144,134.093,252262,1431752
60,61,2,0.662,0.788,-4.55,0.205,0.0191,0.0,0.0559,0.711,179.876,170760,1370438
61,62,306,0.729,0.513,-6.345,0.0455,0.494,1.1e-06,0.137,0.789,170.064,192353,1358129
62,63,81,0.701,0.716,-3.671,0.0361,0.174,0.0,0.324,0.732,91.007,140533,1338820
63,64,208,0.586,0.616,-7.964,0.0324,0.182,0.0,0.0927,0.719,148.088,242096,1338227
64,65,2500,0.824,0.862,-3.424,0.126,0.0076,0.000132,0.303,0.801,122.98,169153,1325318
65,66,66,0.486,0.871,-3.642,0.258,0.617,0.0,0.97,0.663,151.175,153410,1313212
66,67,4983,0.746,0.765,-4.41,0.0993,0.0112,0.0,0.0936,0.737,114.044,199054,1301970
67,68,163,0.85,0.541,-4.522,0.0674,0.161,5.01e-06,0.286,0.916,92.003,165275,1298880
68,69,15,0.734,0.846,-3.425,0.0489,0.166,1.74e-06,0.235,0.604,98.026,209884,1292137
69,70,5104,0.612,0.807,-2.81,0.0336,0.0495,0.0177,0.101,0.398,124.053,240400,1285244
70,71,4972,0.715,0.622,-5.102,0.046,0.163,0.0,0.0948,0.808,80.015,195053,1261414
71,72,7,0.793,0.793,-4.521,0.083,0.0123,0.0,0.0951,0.679,123.95,183290,1247578
72,73,4978,0.656,0.627,-6.627,0.0379,0.343,2.17e-05,0.124,0.481,99.933,167066,1241869
73,74,4981,0.395,0.443,-9.72,0.133,0.765,9.67e-06,0.0839,0.338,168.924,175933,1231690
74,75,83,0.798,0.62,-7.079,0.232,0.414,0.0192,0.112,0.235,120.031,164000,1204343
75,76,15,0.75,0.522,-7.018,0.0293,0.282,0.0,0.0743,0.601,110.427,321556,1204275
76,77,77,0.721,0.738,-4.77,0.0403,0.00226,4.41e-06,0.118,0.637,119.976,154983,1199980
77,78,5141,0.778,0.695,-6.865,0.0913,0.175,0.0,0.15,0.472,149.996,132780,1192364
78,79,5977,0.603,0.783,-4.023,0.062,0.449,7.96e-06,0.119,0.775,172.041,173104,1191419
79,80,5484,0.345,0.941,-9.918,0.0466,3.84e-05,0.633,0.0511,0.407,179.626,147062,1183088
80,81,35,0.816,0.71,-3.728,0.0398,0.165,0.0,0.292,0.784,93.02,208631,1177718
81,82,319,0.668,0.887,-4.404,0.0564,0.369,1.39e-06,0.257,0.907,151.92,157176,1165589
82,83,1764,0.628,0.318,-8.887,0.0507,0.807,0.101,0.19,0.492,86.453,221538,1155222
83,84,32,0.501,0.405,-5.679,0.0319,0.751,0.0,0.105,0.446,109.891,182161,1145498
84,85,5019,0.596,0.772,-4.721,0.0645,0.561,0.0,0.071,0.591,75.663,154662,1136486
85,86,601,0.815,0.848,-4.704,0.115,0.023,0.000162,0.0265,0.684,106.032,133707,1125253
86,87,2420,0.903,0.535,-6.434,0.0742,0.297,0.0,0.345,0.508,130.022,148779,1122339
87,88,5019,0.575,0.669,-4.75,0.0341,0.273,0.0,0.172,0.524,109.999,168645,1121705
88,89,7,0.659,0.667,-4.668,0.0339,0.00173,2.85e-05,0.1,0.468,115.982,258004,1110819
89,90,41,0.771,0.885,-3.66,0.0508,0.222,0.0,0.0918,0.826,128.031,231604,1108405
90,91,4986,0.855,0.488,-4.601,0.208,0.506,0.0,0.347,0.619,124.097,174253,1104535
91,92,4975,0.822,0.736,-3.969,0.15,0.157,0.000781,0.0748,0.679,175.93,181107,1104059
92,93,992,0.422,0.34,-6.577,0.0351,0.877,1.77e-05,0.149,0.223,77.213,204094,1092291
93,94,4,0.599,0.448,-6.312,0.0232,0.163,0.0,0.106,0.168,95.05,263400,1078476
94,95,4963,0.68,0.826,-5.487,0.0309,0.0212,1.24e-05,0.543,0.644,118.051,215627,1067774
95,96,4981,0.695,0.575,-6.334,0.116,0.198,0.0,0.0614,0.699,163.929,173160,1065910
96,97,45,0.571,0.767,-5.16,0.287,0.336,0.0,0.0809,0.605,93.421,161684,1063937
97,98,6446,0.608,0.693,-4.057,0.0559,0.266,0.0,0.0829,0.308,129.882,153740,1062723
98,99,5424,0.502,0.912,-4.556,0.0564,2.55e-05,0.000173,0.106,0.72,116.761,301920,1061014
100,101,5003,0.824,0.587,-6.401,0.0937,0.69,0.000105,0.149,0.514,98.029,209438,1056187
101,102,1,0.423,0.667,-7.012,0.326,0.758,0.0,0.246,0.496,86.743,336511,1053523
102,103,14,0.776,0.78,-4.374,0.128,0.0622,0.0,0.081,0.666,124.949,204347,1050432
103,104,4973,0.776,0.808,-4.501,0.117,0.0297,0.000127,0.103,0.494,123.988,184104,1048917
104,105,33,0.841,0.527,-8.116,0.149,0.0427,1.54e-06,0.12,0.582,163.975,174164,1048761
105,106,4994,0.861,0.637,-7.701,0.133,0.392,0.0,0.0929,0.754,87.006,198621,1044965
106,107,73,0.811,0.807,-2.681,0.1,0.381,0.0,0.977,0.766,115.01,164949,1042308
107,108,2,0.813,0.81,-5.382,0.0809,0.112,1.59e-06,0.377,0.632,93.005,392867,1016963
108,109,6,0.614,0.318,-12.695,0.0478,0.896,0.00239,0.0795,0.112,119.959,180933,1013299
109,110,5020,0.789,0.536,-6.862,0.242,0.41,0.0,0.129,0.437,81.039,165926,1012502
110,111,4,0.825,0.652,-3.183,0.0802,0.581,0.0,0.0931,0.931,95.977,233713,1007512
111,112,344,0.651,0.726,-4.144,0.0539,0.382,0.0,0.0535,0.963,179.99,156267,1006841
112,113,6,0.351,0.296,-10.109,0.0333,0.934,0.0,0.095,0.12,115.284,200186,1005080
113,114,4981,0.369,0.272,-10.497,0.0364,0.866,0.0,0.147,0.218,172.929,152667,1000010
114,115,1104,0.731,0.626,-6.919,0.0805,0.125,0.0,0.183,0.862,82.488,173640,997491
115,116,4992,0.319,0.236,-9.644,0.0318,0.898,1.62e-05,0.272,0.254,162.351,156091,994819
116,117,73,0.774,0.732,-4.227,0.0308,0.108,0.0,0.243,0.734,135.005,192725,989694
117,118,5,0.737,0.802,-4.771,0.0878,0.468,0.0,0.0931,0.682,144.015,172325,985660
118,119,16,0.798,0.574,-6.548,0.157,0.024,0.0,0.122,0.309,155.964,138587,973625
119,120,48,0.414,0.404,-9.928,0.0499,0.271,0.0,0.3,0.224,71.105,354320,970597
120,121,6,0.334,0.599,-5.742,0.0365,0.0468,0.000392,0.205,0.127,161.74,151444,964599
121,122,3,0.695,0.762,-3.497,0.0395,0.192,0.00244,0.0863,0.553,120.042,215280,963180
122,123,5119,0.526,0.731,-4.662,0.0887,0.18,0.0,0.0891,0.476,86.959,193221,959803
123,124,222,0.678,0.775,-4.152,0.043,0.302,0.0,0.0718,0.96,160.116,174938,957353
124,125,3,0.755,0.522,-4.368,0.0575,0.533,0.0,0.0685,0.925,89.96,157560,954550
125,126,5162,0.806,0.595,-6.166,0.246,0.138,0.0,0.0882,0.677,82.492,187636,949836
126,127,395,0.727,0.546,-4.572,0.0437,0.656,0.0,0.122,0.69,106.891,197333,944848
127,128,32,0.459,0.575,-4.858,0.0573,0.604,0.0,0.0885,0.183,111.881,215107,942855
128,129,5451,0.759,0.886,-3.067,0.187,0.0103,2.04e-05,0.342,0.489,102.065,191462,940199
129,130,821,0.663,0.434,-11.177,0.0648,0.828,0.0,0.249,0.225,109.075,171743,931880
130,131,7,0.695,0.884,-2.278,0.0753,0.0561,0.0,0.213,0.914,103.014,203808,927350
131,132,5190,0.653,0.524,-9.016,0.0502,0.112,0.0,0.203,0.553,83.97,160191,926743
132,133,4992,0.546,0.64,-5.582,0.37,0.0438,0.0,0.137,0.63,137.728,339250,923643
133,134,88,0.449,0.465,-8.964,0.0791,0.524,1.02e-06,0.303,0.543,89.087,198371,916097
134,135,205,0.748,0.761,-6.621,0.102,0.122,6.56e-06,0.0984,0.362,116.041,179940,914066
135,136,281,0.453,0.35,-11.639,0.0425,0.827,0.00122,0.144,0.279,72.017,185147,903899
136,137,4972,0.793,0.745,-4.579,0.0571,0.182,0.000189,0.293,0.716,94.979,235411,901502
137,138,114,0.734,0.874,-3.158,0.0662,0.168,1.14e-05,0.0489,0.905,122.953,166028,901098
138,139,4983,0.739,0.588,-4.971,0.136,0.00308,0.0,0.109,0.774,109.958,164457,892752
139,140,56,0.429,0.661,-7.227,0.0281,0.00239,0.000121,0.234,0.285,173.372,266773,892480
140,141,750,0.65,0.792,-3.825,0.0393,0.607,2.36e-05,0.92,0.872,154.027,225672,881411
141,142,4970,0.759,0.548,-6.049,0.029,0.0392,0.0,0.0828,0.749,116.967,190800,879798
142,143,2500,0.8,0.658,-6.142,0.079,0.25,0.0,0.111,0.462,140.042,195429,874810
143,144,5240,0.72,0.63,-5.549,0.0413,0.615,0.0,0.108,0.512,81.009,230292,872833
144,145,4963,0.828,0.621,-6.414,0.0565,0.0164,0.00233,0.0845,0.436,128.986,186173,871814
145,146,350,0.82,0.452,-9.796,0.0348,0.543,0.00294,0.0714,0.74,117.401,253920,870294
146,147,493,0.758,0.913,-2.926,0.113,0.00364,6.92e-05,0.193,0.658,128.04,186210,868936
147,148,6116,0.647,0.514,-10.05,0.0593,0.0655,0.0,0.398,0.387,79.974,240693,864685
148,149,2500,0.684,0.864,-4.819,0.0312,0.131,0.00526,0.344,0.978,125.395,221520,863601
149,150,34,0.527,0.835,-5.298,0.0433,0.0166,0.0,0.249,0.654,125.983,176658,862513
150,151,5004,0.744,0.679,-3.51,0.0791,0.0654,0.00429,0.0966,0.866,176.024,199773,861779
151,152,5018,0.662,0.413,-7.357,0.0299,0.213,0.0,0.134,0.467,93.005,161385,860012
152,153,239,0.836,0.846,-4.673,0.0392,0.0907,0.047,0.057,0.942,122.042,169945,858402
153,154,29,0.949,0.661,-4.244,0.0572,0.0302,0.0,0.0454,0.76,104.504,284200,856521
154,155,15,0.768,0.56,-3.497,0.0859,0.709,0.000791,0.115,0.372,112.084,205714,855410
155,156,1014,0.792,0.511,-6.876,0.0409,0.124,9.04e-05,0.14,0.111,113.983,168490,854788
156,157,200,0.352,0.911,-5.23,0.0747,0.00121,0.0,0.0995,0.236,148.033,222973,853478
157,158,8,0.841,0.593,-7.846,0.0379,0.418,0.0,0.124,0.808,124.917,162803,850795
158,159,146,0.357,0.425,-7.301,0.0333,0.584,0.0,0.322,0.27,102.078,198040,846724
159,160,75,0.664,0.705,-4.972,0.0382,0.0654,0.0,0.118,0.477,122.016,257267,844793
160,161,8,0.841,0.728,-3.37,0.0484,0.0847,0.0,0.149,0.43,130.049,243837,844597
161,162,75,0.682,0.72,-8.176,0.0382,0.321,0.0,0.205,0.649,116.988,168260,844587
162,163,837,0.39,0.499,-7.778,0.0381,0.632,0.000497,0.115,0.34,200.156,275194,838772
163,164,268,0.572,0.385,-6.362,0.0308,0.371,0.0,0.231,0.323,95.799,215733,838552
164,165,5144,0.828,0.492,-9.744,0.0276,0.0644,0.00428,0.128,0.789,120.151,257800,837240
165,166,1,0.84,0.744,-4.751,0.113,0.0181,0.0,0.629,0.171,83.737,204347,835445
166,167,4967,0.783,0.727,-3.454,0.389,0.185,2.46e-05,0.0626,0.558,180.067,199112,834921
167,168,2500,0.595,0.784,-4.878,0.102,0.216,0.0,0.0608,0.479,124.111,183726,834272
168,169,5051,0.769,0.719,-5.472,0.0474,0.0143,0.00777,0.359,0.863,121.955,176867,831848
169,170,4974,0.775,0.327,-7.241,0.0557,0.841,0.0,0.0821,0.595,91.05,189486,825272
170,171,5104,0.588,0.521,-9.461,0.0329,0.0678,0.149,0.123,0.337,85.012,260173,823382
171,172,4981,0.672,0.526,-6.446,0.0599,0.0311,1.37e-06,0.28,0.28,123.999,143747,819940
172,173,161,0.667,0.373,-9.389,0.05,0.785,0.0,0.0906,0.0823,124.148,169266,819644
173,174,34,0.532,0.783,-5.697,0.0523,0.0038,0.0012,0.161,0.643,124.08,247427,818702
174,175,612,0.621,0.989,-4.225,0.0434,0.015,0.357,0.184,0.0348,126.002,158095,816253
175,176,167,0.484,0.731,-6.694,0.0379,0.431,0.0,0.151,0.51,101.654,204280,812550
176,177,4974,0.713,0.676,-5.483,0.027,0.0377,0.0,0.154,0.721,99.048,227395,808580
177,178,33,0.923,0.533,-6.016,0.262,0.0504,0.0,0.102,0.587,133.991,145075,808055
178,179,5,0.778,0.317,-10.732,0.334,0.592,0.0,0.0881,0.327,140.048,178627,805723
179,180,2500,0.635,0.706,-3.224,0.125,0.256,0.0,0.108,0.443,88.863,209160,803299
180,181,4989,0.523,0.606,-4.754,0.0301,0.512,0.0,0.106,0.065,145.837,217867,803037
181,182,66,0.292,0.626,-4.78,0.0533,0.571,0.0,0.87,0.305,162.824,190162,802947
182,183,9,0.839,0.711,-4.733,0.0473,0.398,2.02e-06,0.118,0.573,97.99,349547,802454
183,184,492,0.603,0.573,-5.843,0.0502,0.478,0.0,0.0971,0.236,82.941,228855,801660
184,185,15,0.704,0.739,-3.286,0.112,0.328,1.93e-05,0.0856,0.425,179.879,208292,799044
185,186,6,0.701,0.425,-10.965,0.375,0.328,0.13,0.1,0.562,135.128,194088,796868
186,187,35,0.849,0.701,-4.407,0.06,0.407,0.0,0.112,0.505,98.005,261667,787499
187,188,2500,0.704,0.482,-5.352,0.0349,0.211,0.0,0.3,0.604,102.01,198529,786876
188,189,5092,0.566,0.664,-5.303,0.0464,0.634,0.0,0.116,0.437,128.945,241688,786623
189,190,117,0.669,0.784,-5.603,0.112,0.194,6.28e-06,0.115,0.517,125.993,150053,784779
190,191,773,0.769,0.809,-4.529,0.0554,0.377,0.0,0.238,0.886,143.074,108651,783602
191,192,5454,0.609,0.692,-2.958,0.0259,0.0157,0.0,0.0864,0.454,116.959,233720,780824
192,193,5142,0.378,0.896,-4.066,0.0407,0.000452,0.0,0.194,0.469,174.302,258773,779570
193,194,5050,0.358,0.557,-7.398,0.059,0.695,0.0,0.0902,0.494,85.043,211467,776900
194,195,523,0.442,0.538,-8.55,0.0451,0.717,2.95e-05,0.09,0.139,122.758,244360,775302
195,196,4994,0.692,0.521,-8.465,0.33,0.301,0.0,0.0565,0.463,100.45,292987,774699
196,197,1132,0.649,0.76,-6.487,0.0574,0.114,0.0,0.317,0.843,80.018,161853,773516
197,198,48,0.933,0.528,-6.472,0.161,0.112,0.312,0.163,0.754,109.967,214653,771841
198,199,1675,0.604,0.466,-10.093,0.0315,0.649,0.0334,0.093,0.499,120.045,224520,768397
199,200,68,0.585,0.839,-5.674,0.0758,0.182,0.0,0.2,0.568,123.793,163324,765597
204,5,4975,0.863,0.666,-4.158,0.152,0.212,0.000493,0.103,0.838,163.908,178947,3903196
205,6,5,0.83,0.585,-6.476,0.094,0.237,0.0,0.248,0.485,109.978,173711,3261914
210,11,52,0.856,0.618,-4.892,0.286,0.0303,0.0,0.0866,0.391,81.993,203201,3057940
214,15,6,0.889,0.34,-7.773,0.0697,0.218,0.13,0.055,0.716,94.009,174321,2723720
215,16,5222,0.719,0.648,-7.6,0.125,0.2,0.0,0.127,0.66,140.201,123263,2702390
216,17,10,0.935,0.454,-7.509,0.375,0.0194,0.0,0.0824,0.357,133.073,187541,2677539
217,18,36,0.709,0.548,-8.493,0.353,0.65,1.59e-06,0.133,0.543,83.995,160000,2653569
220,21,33,0.81,0.511,-6.924,0.164,0.12,0.0,0.0832,0.837,151.947,154998,2424589
222,23,12,0.746,0.69,-7.956,0.164,0.247,0.0,0.101,0.497,89.977,181733,2398402
223,24,4973,0.64,0.392,-7.246,0.0574,0.0593,0.0,0.0839,0.502,145.838,178994,2387858
224,25,4,0.641,0.324,-5.851,0.0299,0.698,0.0,0.328,0.273,110.184,185487,2368447
226,27,28,0.767,0.481,-8.52,0.0803,0.234,0.0,0.269,0.761,150.076,171375,2261592
227,28,7,0.781,0.67,-3.912,0.0452,0.0103,0.0,0.0761,0.595,127.99,169333,2211632
228,29,5219,0.725,0.756,-5.013,0.0572,0.362,0.000685,0.103,0.828,100.07,186133,2171409
229,30,26,0.716,0.512,-6.257,0.0331,0.483,0.0,0.0928,0.326,104.957,165907,2161806
230,31,4982,0.392,0.579,-9.195,0.164,0.835,0.00179,0.145,0.549,80.961,214707,2158627
232,33,9,0.823,0.537,-2.627,0.211,0.176,3.75e-06,0.124,0.608,175.965,231595,2076454
233,34,5167,0.767,0.659,-7.429,0.0444,0.325,0.0,0.13,0.439,124.946,163208,2073656
234,35,15,0.736,0.632,-4.939,0.0648,0.18,0.0,0.349,0.503,92.03,216107,2048342
235,36,4961,0.631,0.239,-7.071,0.0398,0.864,0.0,0.116,0.0927,79.859,149297,2013447
236,37,117,0.789,0.72,-5.652,0.218,0.223,0.0,0.129,0.664,122.031,166794,1940055
238,39,142,0.574,0.891,-3.665,0.157,0.0847,0.0,0.16,0.707,100.978,183240,1907168
239,40,2500,0.823,0.586,-6.606,0.2,0.114,0.0,0.193,0.347,125.971,190476,1905745
240,41,90,0.632,0.595,-7.644,0.0401,0.0689,0.0,0.209,0.435,124.114,167903,1846717
241,42,2,0.793,0.771,-3.417,0.0959,0.0337,1.51e-06,0.284,0.835,171.943,247308,1829249
242,43,30,0.862,0.72,-4.048,0.0379,0.487,1.19e-06,0.0604,0.965,129.972,198707,1796933
243,44,30,0.824,0.457,-5.428,0.0543,0.167,0.0,0.041,0.95,87.977,187427,1785789
245,46,11,0.659,0.701,-4.107,0.164,0.0882,0.0,0.0866,0.623,91.97,180520,1764928
246,47,4961,0.673,0.704,-8.056,0.36,0.196,0.0,0.0898,0.372,86.919,212093,1735617
247,48,5,0.672,0.855,-3.764,0.0397,0.021,0.0,0.323,0.646,123.056,182200,1706869
248,49,28,0.789,0.711,-4.248,0.041,0.0332,0.0,0.0876,0.753,112.985,190306,1670599
249,50,218,0.798,0.828,-5.36,0.193,0.0247,2.55e-06,0.121,0.6,124.962,156960,1660605
250,51,4960,0.811,0.637,-4.835,0.0591,0.234,0.000572,0.118,0.471,92.025,130014,1657540
251,52,4972,0.713,0.617,-4.637,0.0887,0.122,0.0,0.0962,0.682,168.021,232853,1635785
252,53,353,0.399,0.491,-10.778,0.0538,0.0563,0.00089,0.11,0.151,91.066,210463,1607449
254,55,1,0.761,0.518,-8.871,0.134,0.244,3.47e-05,0.107,0.522,133.976,261493,1587468
255,56,4986,0.787,0.673,-4.583,0.159,0.264,3.35e-06,0.0904,0.779,110.962,237893,1550511
257,58,2,0.714,0.761,-4.596,0.0427,0.139,0.00035,0.241,0.906,168.022,230693,1543498
259,60,4972,0.823,0.821,-3.402,0.166,0.31,4.28e-06,0.143,0.791,99.999,213314,1509040
260,61,2500,0.743,0.766,-6.375,0.0265,0.0873,0.0,0.509,0.61,127.96,289133,1501071
261,62,25,0.896,0.586,-6.687,0.0559,0.104,0.0,0.79,0.642,116.971,196653,1497465
262,63,97,0.774,0.554,-7.909,0.0383,0.207,0.0,0.132,0.349,99.034,162547,1495270
264,65,2500,0.964,0.486,-8.891,0.188,0.0194,0.04,0.0694,0.318,124.058,220659,1481873
265,66,4971,0.803,0.715,-3.28,0.298,0.295,0.000134,0.0574,0.574,101.085,200960,1469326
266,67,142,0.905,0.686,-3.152,0.0664,0.0907,0.0,0.266,0.963,103.013,155825,1459607
267,68,185,0.845,0.677,-4.798,0.136,0.269,0.000917,0.108,0.68,90.013,219048,1454137
269,70,2,0.571,0.693,-8.234,0.0545,0.00536,0.0,0.173,0.393,168.169,232253,1433678
270,71,48,0.559,0.868,-5.276,0.17,0.0475,0.000176,0.776,0.609,156.295,209413,1413587
272,73,129,0.88,0.751,-4.258,0.0874,0.177,6.43e-05,0.106,0.884,117.948,157606,1402220
273,74,4973,0.442,0.631,-5.096,0.05,0.136,2.29e-05,0.133,0.129,139.774,172693,1401789
274,75,128,0.726,0.431,-8.765,0.135,0.731,0.0,0.696,0.348,144.026,173333,1394918
275,76,4991,0.807,0.656,-4.395,0.105,0.0165,0.0,0.0693,0.89,83.943,185840,1365163
276,77,4975,0.718,0.712,-4.366,0.174,0.512,0.00121,0.104,0.531,180.034,189653,1360677
277,78,5031,0.699,0.805,-5.535,0.0345,0.00161,0.00177,0.249,0.232,109.976,223280,1356836
279,80,5133,0.641,0.922,-4.457,0.0786,0.0291,0.0,0.0862,0.847,146.078,258343,1348365
280,81,5188,0.709,0.824,-8.824,0.0453,0.207,0.000307,0.0888,0.867,118.818,291293,1334571
281,82,5068,0.582,0.937,-2.118,0.0858,0.449,0.0,0.684,0.939,168.096,166838,1331297
282,83,54,0.637,0.69,-4.057,0.0405,0.00786,0.0,0.124,0.457,129.857,162399,1320928
283,84,5008,0.914,0.732,-6.1,0.241,0.0166,0.0,0.107,0.469,94.066,171067,1316011
284,85,4967,0.691,0.739,-3.09,0.229,0.422,3.95e-06,0.11,0.884,83.897,248345,1311651
285,86,5074,0.65,0.655,-3.71,0.405,0.25,0.0,0.0691,0.735,94.059,171215,1307672
288,89,4995,0.676,0.771,-3.675,0.0483,0.0237,7e-06,0.102,0.569,99.048,207133,1285366
290,91,15,0.721,0.637,-5.134,0.286,0.0406,0.0,0.0525,0.691,193.922,222680,1272073
291,92,4995,0.448,0.838,-5.257,0.0557,0.21,0.000131,0.131,0.254,139.863,208907,1266209
292,93,141,0.336,0.627,-7.463,0.0384,0.164,0.0,0.0708,0.35,150.273,241107,1264249
293,94,7,0.73,0.729,-3.434,0.0884,0.167,1.39e-06,0.349,0.467,113.011,221820,1260329
294,95,5,0.487,0.534,-5.664,0.0555,0.36,0.0,0.1,0.173,131.798,201882,1257897
295,96,5018,0.719,0.598,-6.254,0.077,0.232,0.0,0.115,0.303,142.592,126521,1252620
296,97,40,0.436,0.655,-8.37,0.0583,0.499,8.1e-06,0.688,0.412,121.002,279204,1252284
298,99,4963,0.766,0.788,-3.128,0.312,0.105,5.81e-06,0.142,0.609,179.984,200482,1200735
299,100,4965,0.511,0.566,-7.23,0.2,0.349,0.0,0.34,0.218,83.903,239836,1188466
300,101,38,0.655,0.726,-7.628,0.0796,0.334,3.13e-06,0.232,0.766,160.064,150260,1183157
302,103,1,0.83,0.49,-8.82,0.209,0.289,3.04e-06,0.113,0.845,81.604,247059,1167425
303,104,30,0.734,0.775,-3.855,0.0614,0.186,0.000542,0.123,0.72,166.039,224187,1165302
304,105,4969,0.763,0.621,-6.169,0.066,0.0105,2.94e-06,0.106,0.582,82.042,211130,1163837
305,106,21,0.547,0.92,-3.939,0.259,0.00192,7.63e-06,0.257,0.372,129.994,210853,1163449
306,107,1,0.795,0.574,-6.903,0.487,0.067,0.0,0.15,0.537,142.053,237918,1160801
307,108,222,0.709,0.816,-4.787,0.0346,0.685,0.0,0.146,0.921,150.06,237900,1159170
309,110,4965,0.65,0.613,-6.13,0.128,0.00336,0.0,0.267,0.0804,149.972,194621,1156438
310,111,28,0.738,0.85,-3.049,0.0642,0.105,0.0,0.23,0.865,98.013,192921,1155513
311,112,2321,0.504,0.76,-4.246,0.0426,0.286,0.0,0.151,0.64,183.933,190218,1146151
312,113,6257,0.51,0.375,-9.185,0.0288,0.813,0.0,0.145,0.25,132.552,263693,1142356
315,116,237,0.674,0.774,-7.567,0.0892,0.0686,0.00188,0.393,0.33,112.05,176547,1136777
316,117,4,0.798,0.676,-5.041,0.0442,0.0902,0.0,0.0894,0.843,101.956,219947,1121181
317,118,1336,0.727,0.974,-2.261,0.0664,0.103,0.000532,0.174,0.965,79.526,235213,1115971
318,119,125,0.784,0.43,-8.756,0.0364,0.123,0.0,0.0887,0.236,127.087,159382,1110596
320,121,43,0.755,0.578,-8.932,0.145,0.316,0.0,0.25,0.581,94.148,176960,1096319
321,122,31,0.806,0.546,-6.637,0.0575,0.3,0.0,0.102,0.874,147.986,212867,1085258
322,123,5,0.597,0.45,-6.658,0.0418,0.223,0.0,0.382,0.537,178.765,228482,1084889
323,124,4965,0.625,0.814,-5.181,0.0657,0.0172,0.0,0.158,0.535,144.991,205485,1083296
324,125,5181,0.878,0.525,-6.832,0.0578,0.183,0.0,0.0714,0.694,112.022,158571,1081265
325,126,5797,0.934,0.707,-4.214,0.0646,0.437,1.74e-05,0.0628,0.961,138.023,173913,1080968
326,127,5050,0.311,0.485,-5.726,0.0365,0.701,0.0,0.0726,0.225,77.355,208827,1077734
327,128,4965,0.613,0.631,-6.965,0.12,0.0663,0.0,0.169,0.33,149.992,158033,1075131
328,129,701,0.72,0.613,-6.899,0.0572,0.185,0.0,0.155,0.857,84.974,182199,1070010
329,130,36,0.905,0.647,-5.065,0.107,0.0187,0.0,0.282,0.367,130.97,190534,1069038
330,131,540,0.88,0.483,-7.012,0.0505,0.0185,8.68e-06,0.0607,0.827,124.009,342613,1059627
331,132,90,0.598,0.526,-8.659,0.0415,0.129,0.0,0.14,0.529,123.935,168387,1058830
332,133,158,0.812,0.747,-4.611,0.15,0.31,0.00412,0.1,0.488,168.025,198500,1058187
333,134,721,0.677,0.766,-6.896,0.0568,0.0219,6.81e-06,0.129,0.198,123.062,190488,1057468
334,135,9,0.814,0.714,-4.65,0.207,0.297,4.89e-06,0.091,0.789,176.013,345241,1057415
335,136,1,0.8,0.56,-4.818,0.261,0.057,0.0,0.134,0.45,163.071,200221,1055686
336,137,5362,0.813,0.415,-5.926,0.0349,0.777,0.0,0.131,0.667,91.921,170345,1051896
337,138,278,0.599,0.914,-2.415,0.0629,0.5,0.0,0.694,0.831,168.008,182977,1049303
338,139,8,0.598,0.427,-8.764,0.0317,0.0546,5.83e-06,0.21,0.0605,76.469,175721,1045962
339,140,446,0.834,0.663,-6.143,0.133,0.235,0.0,0.372,0.774,121.876,146523,1044994
340,141,18,0.748,0.524,-5.599,0.0338,0.414,0.0,0.111,0.661,95.01,244960,1034334
342,143,29,0.808,0.745,-5.26,0.342,0.145,0.0,0.292,0.829,165.995,210800,1027986
343,144,5094,0.621,0.601,-5.616,0.148,0.0522,0.0,0.46,0.457,116.735,163636,1026129
344,145,211,0.735,0.478,-12.472,0.0293,0.189,2.48e-06,0.355,0.947,107.682,262960,1025087
346,147,36,0.48,0.602,-6.335,0.368,0.487,0.0,0.0848,0.269,179.798,213333,1012980
347,148,5268,0.744,0.619,-9.805,0.039,0.598,0.00372,0.231,0.641,112.997,188387,1004749
348,149,4965,0.685,0.692,-5.122,0.0457,0.328,0.0,0.153,0.578,159.966,240051,1004461
349,150,5367,0.854,0.525,-4.426,0.214,0.819,0.0,0.146,0.63,97.054,197587,1001220
350,151,36,0.548,0.805,-5.732,0.351,0.212,0.000389,0.408,0.648,142.094,216387,998055
351,152,7,0.647,0.844,-3.756,0.0457,0.0137,0.000658,0.102,0.746,146.967,193829,992763
352,153,4982,0.462,0.24,-12.077,0.0377,0.92,0.0,0.113,0.32,171.319,244000,987324
353,154,102,0.464,0.473,-10.086,0.129,0.866,0.0,0.109,0.604,75.801,208687,987019
354,155,165,0.731,0.675,-5.134,0.0434,0.00473,0.0,0.141,0.298,124.939,139461,983819
355,156,4962,0.735,0.791,-4.462,0.0679,0.0529,0.000146,0.145,0.697,168.087,217240,981474
356,157,64,0.778,0.824,-5.892,0.0707,0.284,0.0,0.405,0.758,100.024,218093,980645
357,158,17,0.707,0.924,-2.842,0.031,0.000972,0.00703,0.204,0.919,127.937,206413,980333
358,159,3,0.585,0.52,-6.136,0.0712,0.124,7.01e-05,0.131,0.129,159.801,218147,975823
360,161,5017,0.812,0.761,-5.222,0.0812,0.0465,0.000135,0.0601,0.344,130.032,182956,966032
361,162,53,0.752,0.62,-5.536,0.0509,0.309,0.0,0.075,0.962,117.399,164459,965588
362,163,61,0.945,0.582,-8.357,0.0719,0.114,0.0,0.103,0.907,108.025,168906,961426
363,164,5044,0.792,0.793,-6.185,0.0841,0.0872,0.0,0.22,0.775,123.031,156578,960837
364,165,5312,0.632,0.953,-1.283,0.0325,0.317,0.0,0.125,0.798,160.061,186533,955319
365,166,5255,0.671,0.373,-18.064,0.0323,0.257,8.01e-05,0.0481,0.732,92.718,295893,955306
367,168,6202,0.573,0.902,-7.638,0.054,0.018,0.00125,0.0928,0.876,84.412,225280,942830
368,169,8,0.834,0.73,-3.714,0.222,0.00513,0.0,0.124,0.446,155.008,312820,941584
369,170,2500,0.904,0.723,-5.224,0.26,0.0631,0.0,0.185,0.835,145.013,227478,937287
370,171,7,0.868,0.693,-7.052,0.181,0.0597,0.00399,0.106,0.396,114.999,156911,935605
371,172,355,0.92,0.654,-3.051,0.0401,0.0236,0.0158,0.0359,0.847,117.046,293827,934585
372,173,5557,0.711,0.592,-7.136,0.23,0.758,0.0,0.156,0.535,124.749,141224,933735
373,174,5046,0.782,0.559,-7.106,0.0767,0.125,0.0,0.385,0.685,129.992,188344,928978
374,175,4963,0.667,0.719,-5.371,0.0346,0.00285,8.1e-05,0.0736,0.717,100.021,237520,927234
375,176,2,0.665,0.697,-4.819,0.154,0.427,1.39e-05,0.599,0.556,94.053,216747,922141
376,177,81,0.779,0.705,-3.895,0.0344,0.369,7.91e-06,0.124,0.946,101.022,178374,918435
377,178,2,0.811,0.683,-2.028,0.241,0.46,4.75e-05,0.128,0.571,176.037,190101,917623
378,179,6,0.704,0.225,-14.454,0.0994,0.902,0.657,0.106,0.243,120.006,245426,914889
379,180,4980,0.687,0.792,-2.749,0.0452,0.191,0.0,0.167,0.671,100.015,214290,914507
380,181,2500,0.723,0.704,-7.088,0.0571,0.0259,0.00109,0.792,0.684,105.095,214935,912433
382,183,56,0.617,0.635,-6.769,0.0317,0.0498,1.44e-05,0.164,0.446,103.019,247160,912244
384,185,5321,0.5,0.748,-9.072,0.0363,0.127,0.0,0.447,0.514,118.852,250987,911690
386,187,2,0.816,0.726,-3.998,0.129,0.099,0.0,0.372,0.65,136.048,253390,905797
387,188,7,0.791,0.862,-3.24,0.11,0.037,2.19e-05,0.0814,0.592,123.994,214847,900924
388,189,5019,0.695,0.872,-3.65,0.0868,0.334,0.0,0.954,0.646,121.843,169593,897284
389,190,4989,0.818,0.803,-4.282,0.0797,0.034,0.0,0.153,0.632,106.97,225983,892291
390,191,1,0.754,0.449,-9.211,0.109,0.0332,8.29e-05,0.552,0.357,77.169,198973,887402
391,192,552,0.69,0.813,-5.084,0.0997,0.0968,0.000324,0.109,0.704,108.078,195658,879683
392,193,4965,0.671,0.529,-7.226,0.307,0.0769,0.000335,0.0856,0.203,161.989,165820,878977
393,194,6257,0.543,0.87,-6.514,0.0428,0.358,0.000939,0.792,0.754,100.804,230400,876108
394,195,5350,0.682,0.7,-5.591,0.0397,0.406,0.0,0.174,0.637,120.03,186878,874224
395,196,2500,0.88,0.626,-7.062,0.0473,0.19,0.000755,0.094,0.441,105.01,251429,874006
397,198,107,0.856,0.609,-7.223,0.0824,0.00801,8.15e-05,0.0344,0.928,114.988,269667,869870
398,199,4968,0.872,0.391,-9.144,0.242,0.469,4.13e-06,0.297,0.437,134.021,119133,869265
416,17,12,0.724,0.491,-6.024,0.0296,0.018,1.29e-05,0.0887,0.383,105.046,170746,2699280
418,19,13,0.505,0.34,-9.005,0.0438,0.576,0.0,0.21,0.0916,101.993,206459,2530161
419,20,4960,0.886,0.672,-4.394,0.188,0.0363,8.78e-06,0.101,0.526,91.976,192024,2496428
423,24,2,0.786,0.808,-3.702,0.0882,0.0846,0.000289,0.0822,0.609,105.027,301714,2244439
424,25,4,0.64,0.647,-8.114,0.186,0.124,0.0,0.0801,0.546,92.979,197867,2158876
426,27,12,0.769,0.787,-3.909,0.367,0.189,0.0,0.129,0.836,126.77,159715,2077694
427,28,2500,0.559,0.491,-6.406,0.0346,0.0567,0.0,0.0992,0.114,153.131,244874,2040997
428,29,4963,0.531,0.75,-5.831,0.111,0.00632,7.6e-05,0.117,0.198,169.954,200080,2030149
429,30,33,0.878,0.619,-5.56,0.102,0.0533,0.0,0.113,0.639,136.041,157067,2024734
431,32,11,0.879,0.703,-4.219,0.0701,0.143,0.0,0.0569,0.788,94.004,199711,1947821
433,34,45,0.816,0.629,-5.568,0.226,0.133,0.0,0.0692,0.714,96.493,131607,1861987
435,36,5043,0.651,0.631,-5.717,0.0896,0.519,0.000579,0.165,0.35,127.994,154424,1860506
437,38,131,0.474,0.631,-5.884,0.343,0.0687,0.0,0.132,0.425,180.051,189323,1852720
438,39,4978,0.477,0.682,-4.931,0.0925,0.153,0.0,0.0763,0.345,110.567,202205,1747155
439,40,2500,0.668,0.892,-3.001,0.0645,0.298,0.0,0.735,0.478,95.927,159011,1721236
440,41,4977,0.881,0.457,-8.191,0.156,0.0327,0.0,0.231,0.296,136.97,198913,1719988
441,42,2500,0.857,0.621,-6.376,0.0825,0.148,0.0,0.0865,0.668,97.989,204467,1711573
442,43,2,0.754,0.646,-5.795,0.317,0.152,1.85e-05,0.108,0.429,176.089,242573,1678283
443,44,4988,0.654,0.672,-5.98,0.311,0.471,0.0,0.0781,0.343,181.857,249520,1654813
444,45,90,0.677,0.744,-6.806,0.0295,0.0404,0.00016,0.074,0.631,124.08,152913,1632440
445,46,119,0.654,0.63,-4.644,0.0259,0.153,0.0,0.111,0.43,89.991,167693,1623320
446,47,5140,0.843,0.39,-7.899,0.0846,0.178,0.0,0.137,0.495,129.972,160627,1622338
447,48,4960,0.61,0.624,-4.773,0.309,0.6,2.12e-06,0.243,0.244,176.169,250534,1607611
448,49,9,0.817,0.665,-6.224,0.0758,0.0549,0.0,0.103,0.662,104.957,215460,1601092
449,50,57,0.883,0.668,-2.957,0.113,0.11,0.000529,0.0734,0.676,87.972,226533,1570584
450,51,8,0.802,0.591,-4.895,0.225,0.0104,0.0,0.196,0.309,139.864,157712,1509255
453,54,408,0.619,0.459,-5.782,0.0334,0.56,0.0,0.137,0.498,126.803,184280,1481864
456,57,2,0.806,0.786,-3.831,0.0741,0.145,0.0,0.0935,0.58,91.973,309120,1465287
457,58,2500,0.734,0.836,-4.803,0.0735,0.017,1.64e-05,0.179,0.623,80.002,270741,1432185
458,59,4966,0.658,0.901,-2.814,0.0357,0.0478,0.0,0.12,0.708,93.979,210520,1429472
459,60,5072,0.735,0.369,-9.682,0.0688,0.334,0.0,0.126,0.235,140.004,222997,1403957
460,61,3,0.58,0.653,-3.818,0.0745,0.447,0.0,0.111,0.175,150.231,174960,1399710
461,62,25,0.809,0.545,-6.678,0.0735,0.392,0.0,0.151,0.244,97.008,180435,1375283
462,63,54,0.719,0.704,-4.724,0.0476,0.0691,0.0,0.166,0.628,133.002,187436,1367118
463,64,5,0.717,0.653,-5.634,0.0658,0.229,0.0,0.101,0.412,106.966,207320,1359654
464,65,5070,0.745,0.642,-6.257,0.287,0.0204,0.0,0.0658,0.226,179.974,131240,1354026
465,66,2500,0.817,0.781,-4.178,0.112,0.00838,5.21e-06,0.123,0.359,104.0,216707,1352072
467,68,77,0.842,0.734,-5.065,0.0588,0.0427,0.0,0.106,0.952,137.958,181027,1318953
468,69,2500,0.851,0.541,-6.825,0.0505,0.568,0.0,0.13,0.448,124.959,235545,1317328
469,70,3,0.829,0.539,-7.359,0.208,0.136,1.78e-06,0.103,0.388,99.96,149547,1315015
470,71,2500,0.694,0.758,-2.986,0.218,0.278,1.34e-06,0.102,0.371,192.091,185195,1308311
471,72,152,0.737,0.86,-2.652,0.0593,0.11,1.94e-06,0.0574,0.656,93.989,193227,1295195
472,73,6,0.367,0.111,-14.084,0.0972,0.978,3.97e-05,0.0897,0.198,82.642,196077,1292531
474,75,528,0.737,0.828,-4.711,0.0396,0.0149,0.000588,0.0862,0.517,124.051,208474,1286718
475,76,4995,0.575,0.621,-8.165,0.032,0.0392,0.0045,0.141,0.27,101.987,172213,1284613
476,77,23,0.693,0.678,-7.159,0.0324,0.0151,5.71e-06,0.101,0.404,103.952,228267,1264785
477,78,118,0.715,0.624,-3.046,0.114,0.11,0.0,0.123,0.412,158.087,173325,1262215
481,82,2,0.882,0.689,-4.027,0.124,0.39,0.00325,0.0501,0.746,97.963,161627,1217237
482,83,241,0.859,0.6,-4.63,0.301,0.071,0.0,0.353,0.568,123.017,244761,1216424
483,84,9,0.729,0.726,-3.208,0.0422,0.223,0.0,0.101,0.876,92.025,217130,1209013
485,86,5169,0.674,0.881,-2.853,0.147,0.296,3.01e-06,0.0793,0.234,98.994,178480,1206182
486,87,5636,0.866,0.438,-8.943,0.0719,0.177,0.0,0.0743,0.695,129.039,223258,1203018
488,89,5156,0.579,0.904,-2.729,0.0618,0.193,0.0,0.064,0.681,82.014,190947,1196506
489,90,2,0.87,0.706,-5.395,0.126,0.0253,0.0063,0.0872,0.593,100.013,145800,1167896
492,93,8,0.643,0.594,-5.191,0.0312,0.0695,1.46e-05,0.115,0.195,118.037,250142,1158786
493,94,2,0.738,0.748,-4.902,0.0453,0.182,0.0,0.11,0.896,94.949,217253,1158296
494,95,5447,0.664,0.666,-2.203,0.0446,0.193,0.0,0.0854,0.405,139.987,210560,1147002
496,97,5130,0.732,0.463,-6.972,0.0287,0.374,0.0,0.194,0.397,95.971,212607,1130224
497,98,52,0.78,0.759,-3.292,0.225,0.462,0.000868,0.143,0.579,91.952,201040,1127842
498,99,174,0.746,0.45,-8.543,0.0872,0.0407,0.0,0.172,0.336,95.998,232853,1112681
499,100,2500,0.795,0.885,-4.129,0.0716,0.0372,0.00754,0.285,0.46,126.038,169998,1112155
500,101,2500,0.748,0.789,-4.579,0.103,0.262,0.0,0.13,0.671,147.957,157133,1101300
501,102,5060,0.941,0.758,-6.47,0.17,0.0256,0.00258,0.193,0.683,128.017,157093,1092098
502,103,78,0.727,0.815,-2.454,0.153,0.0258,0.0,0.231,0.677,176.075,216067,1091788
503,104,66,0.668,0.684,-5.937,0.0527,0.627,0.0,0.923,0.7,108.138,187986,1090384
504,105,2500,0.842,0.801,-4.167,0.228,0.157,4.82e-06,0.0642,0.617,95.881,212500,1086127
506,107,30,0.731,0.832,-2.592,0.0503,0.273,0.0,0.0665,0.94,146.013,178613,1072584
507,108,4978,0.741,0.52,-7.513,0.0656,0.45,1.97e-06,0.222,0.347,102.998,171030,1067704
509,110,11,0.795,0.715,-3.582,0.0838,0.141,2.12e-06,0.179,0.758,165.941,304733,1062105
510,111,2589,0.73,0.644,-4.124,0.132,0.0933,4.56e-06,0.143,0.554,174.101,204907,1055995
511,112,1,0.831,0.502,-4.045,0.046,0.101,0.0,0.122,0.101,100.541,205427,1055526
512,113,4960,0.795,0.783,-4.271,0.0432,0.361,0.0,0.437,0.799,92.01,266087,1052851
513,114,4965,0.657,0.768,-4.628,0.0507,0.108,0.0,0.144,0.759,75.025,186223,1048004
515,116,18,0.752,0.488,-7.05,0.0705,0.297,9.11e-06,0.0936,0.533,136.041,201661,1042559
516,117,12,0.768,0.652,-2.708,0.307,0.113,0.0,0.107,0.777,154.187,144935,1027260
518,119,4964,0.665,0.712,-7.536,0.0527,0.00103,0.00333,0.102,0.669,93.992,157220,1008703
519,120,4970,0.74,0.498,-6.684,0.0456,0.0169,0.00282,0.319,0.652,98.016,207039,1000343
520,121,11,0.826,0.773,-4.218,0.0524,0.323,0.0,0.143,0.761,126.899,238200,998072
521,122,1,0.696,0.454,-6.756,0.153,0.123,0.0,0.155,0.136,92.928,260640,989609
522,123,13,0.563,0.564,-7.906,0.271,0.114,0.0254,0.304,0.55,154.355,162596,987798
523,124,4964,0.9,0.4,-8.575,0.127,0.0516,0.0,0.0599,0.346,135.984,197573,981338
524,125,18,0.667,0.583,-5.127,0.0747,0.231,4.48e-05,0.181,0.187,92.043,181806,980529
525,126,6,0.905,0.389,-14.505,0.332,0.74,0.162,0.106,0.196,120.046,193143,978975
526,127,7,0.762,0.7,-6.021,0.0694,0.00261,1.56e-05,0.153,0.608,116.073,209320,974609
527,128,159,0.694,0.77,-5.335,0.149,0.176,1.1e-05,0.118,0.163,125.905,184560,973121
528,129,367,0.323,0.405,-8.533,0.0413,0.849,0.000544,0.138,0.274,145.104,194848,964122
529,130,23,0.584,0.607,-6.605,0.0356,0.426,0.0,0.101,0.374,117.817,194827,962260
530,131,3,0.68,0.578,-5.804,0.04,0.331,0.0,0.135,0.341,145.038,231267,960814
531,132,4970,0.765,0.523,-4.333,0.03,0.184,3.56e-05,0.132,0.394,104.988,217307,959915
532,133,20,0.882,0.602,-5.554,0.245,0.0177,0.0,0.178,0.43,142.959,183011,955534
533,134,12,0.876,0.662,-6.482,0.426,0.0608,0.0,0.127,0.844,75.445,163320,954353
534,135,8,0.845,0.631,-8.206,0.216,0.188,0.0,0.0806,0.545,111.983,279907,936278
535,136,2500,0.632,0.686,-7.665,0.243,0.549,0.0,0.2,0.329,89.949,170770,926044
536,137,17,0.781,0.768,-5.991,0.0394,0.0119,4.91e-06,0.325,0.486,123.07,213309,925824
537,138,4968,0.74,0.613,-4.88,0.145,0.258,0.00372,0.123,0.473,75.023,166606,911070
540,141,9,0.725,0.79,-2.331,0.197,0.0711,1.14e-06,0.0602,0.763,175.988,287773,902847
541,142,5193,0.68,0.869,-1.94,0.0589,0.178,0.0,0.223,0.924,173.997,143448,896797
542,143,38,0.826,0.73,-3.032,0.0809,0.383,0.000374,0.0197,0.605,150.134,157600,895259
543,144,219,0.591,0.841,-4.351,0.0304,0.0119,0.0,0.395,0.392,109.034,158805,880314
544,145,4986,0.689,0.516,-5.857,0.0444,0.513,0.0,0.163,0.209,124.876,190920,879942
545,146,4973,0.691,0.823,-4.197,0.0623,0.487,0.0,0.134,0.87,123.935,191467,879430
546,147,274,0.59,0.642,-3.87,0.122,0.0771,0.0,0.105,0.651,107.356,174444,877025
547,148,248,0.932,0.778,-3.384,0.0638,0.212,0.0,0.168,0.933,124.996,188613,876668
548,149,5003,0.491,0.461,-5.646,0.0424,0.44,0.0,0.232,0.32,87.808,200756,876457
549,150,5148,0.708,0.186,-8.953,0.0422,0.868,0.0,0.0779,0.321,72.541,156107,876435
550,151,1,0.817,0.539,-6.349,0.0621,0.0141,0.000496,0.099,0.158,97.062,210368,875888
551,152,223,0.801,0.795,-5.115,0.0504,0.0417,0.000113,0.0717,0.754,79.028,163253,875860
553,154,34,0.802,0.645,-6.181,0.0715,0.272,0.0,0.119,0.376,100.001,157202,870986
554,155,2,0.639,0.791,-4.443,0.253,0.0275,0.0,0.362,0.939,92.603,222347,864612
556,157,1,0.792,0.625,-5.609,0.0536,0.00776,0.0018,0.329,0.37,103.967,173987,859523
558,159,78,0.711,0.757,-4.188,0.29,0.268,0.0,0.367,0.724,174.013,218587,854195
559,160,33,0.703,0.594,-6.146,0.0752,0.342,0.0,0.123,0.475,153.848,114893,853642
561,162,4967,0.777,0.712,-4.84,0.277,0.217,0.0,0.091,0.68,95.692,175733,846816
562,163,470,0.932,0.547,-7.787,0.333,0.0388,0.0,0.0924,0.695,94.998,176640,844713
563,164,96,0.596,0.854,-5.114,0.463,0.0169,0.0,0.124,0.152,120.274,203418,842203
564,165,48,0.671,0.712,-7.815,0.0476,0.429,0.0,0.103,0.462,113.805,248440,839585
567,168,4994,0.837,0.364,-11.713,0.276,0.149,0.0,0.271,0.463,123.984,213594,836405
568,169,356,0.528,0.511,-8.144,0.0324,0.126,0.0,0.101,0.351,100.1,209880,833177
570,171,2500,0.743,0.709,-3.922,0.0879,0.0451,5.18e-06,0.0809,0.831,170.001,258600,827729
572,173,216,0.752,0.764,-4.399,0.038,0.0476,9.44e-05,0.0543,0.582,121.958,163216,826551
573,174,4982,0.771,0.671,-5.617,0.0553,0.00929,0.0,0.0637,0.714,85.026,171360,819482
574,175,33,0.907,0.53,-6.112,0.127,0.0578,2.23e-06,0.101,0.507,135.998,113000,817877
576,177,568,0.733,0.859,-5.03,0.033,0.479,0.0645,0.105,0.52,124.948,147840,815081
577,178,77,0.795,0.496,-5.883,0.0722,0.108,0.0,0.0645,0.874,94.01,183000,809823
578,179,55,0.753,0.657,-3.061,0.0449,0.171,0.0,0.112,0.437,107.01,184732,809117
579,180,5261,0.815,0.518,-6.594,0.0897,0.223,0.0,0.104,0.877,151.891,177667,809098
580,181,14,0.605,0.822,-4.833,0.0438,0.00671,0.134,0.147,0.288,167.997,187147,808876
581,182,4993,0.697,0.683,-2.881,0.117,0.0372,0.0,0.137,0.603,96.133,186987,807597
582,183,2500,0.499,0.8,-2.665,0.0502,0.0906,0.0,0.147,0.272,139.919,229573,803308
583,184,6,0.475,0.37,-7.725,0.0361,0.819,0.0577,0.0841,0.157,144.828,200560,803239
584,185,37,0.748,0.648,-6.445,0.0816,0.484,0.0,0.126,0.726,139.952,123560,803041
585,186,2500,0.784,0.517,-8.981,0.209,0.0249,1.44e-06,0.155,0.206,97.991,200187,802715
588,189,626,0.832,0.55,-7.026,0.0587,0.249,8.17e-06,0.182,0.881,154.064,152784,798360
589,190,5750,0.733,0.71,-5.849,0.0292,0.145,0.115,0.0956,0.965,127.975,239600,797931
590,191,71,0.77,0.882,-4.792,0.0602,0.194,0.0,0.316,0.385,99.991,223523,795764
591,192,4965,0.594,0.798,-5.244,0.0844,0.115,0.0,0.143,0.381,142.049,191840,794299
592,193,5002,0.752,0.505,-7.621,0.253,0.535,2.55e-06,0.104,0.419,91.97,197437,789142
593,194,4962,0.695,0.719,-5.938,0.0903,0.227,0.000171,0.0884,0.781,180.074,175187,788727
595,196,4961,0.649,0.798,-4.346,0.178,0.226,0.0,0.0711,0.857,177.899,230413,774785
596,197,53,0.528,0.87,-3.123,0.0851,0.24,0.0,0.333,0.714,152.37,181930,774691
597,198,8,0.594,0.676,-5.808,0.344,0.135,0.0,0.163,0.472,143.477,181145,770892
598,199,6,0.726,0.444,-8.922,0.372,0.283,0.143,0.177,0.569,185.044,168840,766712
599,200,50,0.67,0.668,-4.306,0.0422,0.536,0.0,0.133,0.608,88.033,179053,758293
610,11,51,0.767,0.709,-4.47,0.336,0.323,0.0,0.0676,0.72,171.993,258639,2701993
612,13,2500,0.861,0.603,-5.788,0.176,0.0521,0.0,0.0924,0.504,98.043,228760,2634804
614,15,1,0.889,0.496,-6.365,0.0905,0.259,0.0,0.252,0.544,86.003,180522,2458728
623,24,241,0.729,0.625,-5.266,0.0315,0.194,0.00986,0.248,0.261,146.034,183907,2057670
624,25,107,0.601,0.794,-5.844,0.0671,0.00987,1.36e-06,0.388,0.244,114.066,217467,2035367
626,27,2500,0.703,0.723,-5.45,0.0412,0.0302,2.06e-06,0.126,0.288,104.969,198903,2019875
629,30,5,0.714,0.474,-4.993,0.039,0.374,0.0,0.106,0.376,62.484,212293,1922801
631,32,20,0.897,0.662,-6.903,0.292,0.0852,0.0,0.534,0.389,112.511,145543,1895716
632,33,2500,0.575,0.758,-5.029,0.0618,0.0954,0.0,0.394,0.493,144.107,182623,1839503
634,35,4964,0.596,0.552,-10.278,0.097,0.0765,0.334,0.104,0.112,97.949,229320,1749792
635,36,9,0.751,0.665,-3.083,0.124,0.265,0.0,0.0515,0.698,95.239,219357,1744253
638,39,59,0.74,0.622,-4.608,0.0446,0.0357,4.85e-05,0.356,0.556,104.966,222707,1630085
639,40,123,0.553,0.586,-6.319,0.0362,0.697,0.0,0.0813,0.443,126.684,196373,1629851
640,41,1,0.835,0.626,-5.833,0.125,0.0589,6e-05,0.396,0.35,91.03,217925,1629057
641,42,4962,0.754,0.805,-4.249,0.0752,0.315,0.0,0.203,0.555,93.982,176133,1603108
642,43,45,0.884,0.559,-7.442,0.12,0.0236,0.0,0.101,0.342,97.994,232959,1581311
643,44,4960,0.743,0.73,-4.314,0.125,0.287,8.1e-05,0.0778,0.15,179.972,197968,1577754
644,45,9,0.788,0.771,-3.206,0.0563,0.291,5.62e-05,0.172,0.701,99.038,207853,1577162
646,47,4964,0.551,0.44,-8.559,0.0985,0.606,3.02e-05,0.11,0.341,167.923,210667,1524560
647,48,4968,0.921,0.537,-5.723,0.0804,0.556,0.00404,0.102,0.711,128.009,135090,1523813
650,51,5015,0.665,0.699,-5.265,0.0578,0.423,0.0,0.0969,0.585,124.896,190932,1480532
651,52,5302,0.792,0.743,-2.806,0.0851,0.107,0.0,0.183,0.742,150.024,195637,1472419
652,53,76,0.8,0.578,-5.144,0.0485,0.00381,0.0,0.367,0.367,143.01,203161,1436847
653,54,7,0.675,0.729,-4.383,0.146,0.0557,0.0,0.189,0.63,99.986,190560,1427847
654,55,14,0.383,0.637,-6.993,0.0703,0.0722,0.0,0.368,0.0827,177.913,260773,1415657
656,57,4980,0.626,0.88,-2.384,0.0504,0.205,0.0,0.128,0.534,95.079,202621,1371539
658,59,4968,0.735,0.525,-2.939,0.0441,0.653,0.918,0.101,0.369,160.147,157777,1356524
659,60,19,0.89,0.607,-6.916,0.124,0.158,0.000228,0.118,0.224,134.022,233040,1341803
660,61,5,0.699,0.713,-5.507,0.0594,0.04,3.11e-06,0.294,0.354,121.993,205920,1325161
661,62,65,0.687,0.785,-4.65,0.0333,0.327,0.0,0.203,0.655,106.046,194408,1310529
662,63,7,0.836,0.544,-5.975,0.0943,0.0403,0.0,0.0824,0.51,97.028,217947,1304224
663,64,3,0.75,0.56,-8.094,0.105,0.546,0.0,0.111,0.459,140.06,221440,1292865
664,65,30,0.709,0.771,-4.598,0.166,0.146,3.29e-06,0.249,0.709,174.006,204453,1289477
665,66,9,0.635,0.902,-3.559,0.109,0.172,0.0,0.125,0.286,102.063,217822,1285950
667,68,193,0.673,0.735,-4.733,0.0457,0.286,0.0,0.242,0.754,115.744,201287,1263996
668,69,58,0.791,0.587,-5.075,0.0413,0.407,0.0,0.148,0.536,96.057,179449,1262509
670,71,1,0.912,0.412,-8.074,0.123,0.0165,0.0126,0.104,0.423,154.983,238614,1243848
671,72,10,0.95,0.59,-6.508,0.29,0.00534,0.0,0.11,0.219,130.003,183527,1238582
672,73,4962,0.786,0.764,-2.935,0.0798,0.122,0.0,0.102,0.913,90.979,163880,1235818
673,74,19,0.837,0.636,-7.643,0.086,0.0395,0.00125,0.342,0.274,145.972,288624,1230233
674,75,84,0.745,0.715,-3.368,0.245,0.128,0.0,0.182,0.342,94.513,136032,1227219
675,76,51,0.772,0.732,-3.713,0.213,0.307,5.14e-06,0.106,0.295,100.048,254383,1227104
676,77,5024,0.475,0.846,-3.344,0.283,0.275,0.0,0.0824,0.451,96.036,191120,1222534
677,78,14,0.704,0.611,-6.112,0.0409,0.217,0.0,0.0812,0.22,100.0,189467,1201259
678,79,23,0.693,0.575,-6.998,0.0801,0.374,0.0,0.252,0.492,117.999,211362,1188297
679,80,103,0.538,0.409,-6.581,0.0505,0.172,0.0,0.11,0.265,171.838,205440,1181650
680,81,2,0.747,0.74,-4.325,0.191,0.0165,9.94e-05,0.101,0.552,176.059,158800,1179521
681,82,105,0.903,0.675,-3.445,0.214,0.542,1.28e-05,0.0595,0.442,96.507,417920,1174914
682,83,6,0.351,0.296,-10.109,0.0333,0.934,0.0,0.095,0.12,115.284,200186,1163740
683,84,2,0.703,0.66,-5.119,0.123,0.137,0.0,0.192,0.79,95.031,198947,1138880
685,86,9,0.8,0.355,-10.47,0.0895,0.616,0.0,0.118,0.253,145.929,228493,1124211
686,87,91,0.638,0.717,-4.722,0.0337,0.346,0.0,0.105,0.249,100.027,180000,1122307
687,88,9,0.719,0.825,-3.627,0.0424,0.689,0.0,0.103,0.789,100.006,206550,1101373
688,89,4992,0.901,0.522,-8.304,0.33,0.0114,0.0,0.259,0.329,104.053,127947,1100846
689,90,2500,0.736,0.622,-4.653,0.133,0.0235,0.0,0.151,0.506,191.971,192779,1091581
690,91,9,0.79,0.631,-5.549,0.0425,0.437,0.0,0.158,0.889,94.039,190005,1086961
692,93,2500,0.653,0.809,-4.057,0.0474,0.194,0.0,0.165,0.55,92.213,210773,1074474
693,94,4968,0.78,0.492,-3.4,0.0671,0.0643,0.0313,0.174,0.374,143.983,94246,1066980
694,95,84,0.931,0.387,-9.127,0.412,0.088,0.0,0.136,0.376,125.978,179405,1065311
695,96,1,0.585,0.909,-6.474,0.0707,0.0891,9.7e-05,0.119,0.758,93.372,210747,1057564
697,98,7,0.588,0.67,-6.439,0.0473,0.0104,3.33e-06,0.338,0.505,118.159,238173,1041305
698,99,4984,0.632,0.832,-1.948,0.154,0.048,0.0,0.0705,0.784,182.184,198933,1031639
701,102,4971,0.754,0.854,-3.449,0.0608,0.177,0.0,0.0808,0.8,75.002,229720,1004828
702,103,3,0.747,0.834,-2.867,0.045,0.374,0.0,0.0586,0.687,128.005,215760,1004772
703,104,40,0.799,0.597,-5.131,0.0611,0.0788,5.66e-06,0.1,0.419,110.001,199849,1003581
704,105,2500,0.67,0.743,-4.993,0.0393,0.237,0.0,0.465,0.571,125.944,218293,994284
706,107,5,0.602,0.658,-5.934,0.0558,0.0233,6e-05,0.237,0.268,145.031,197547,987026
708,109,400,0.669,0.574,-6.442,0.0286,0.0175,0.00294,0.146,0.273,120.013,196400,968819
709,110,191,0.676,0.844,-3.396,0.109,0.498,0.0,0.866,0.716,159.969,172767,962347
710,111,1,0.765,0.704,-4.589,0.127,0.0215,0.0,0.227,0.498,147.055,192172,960630
711,112,24,0.698,0.633,-4.946,0.0597,0.0605,0.000194,0.0926,0.552,96.924,232187,952182
713,114,5,0.568,0.656,-5.413,0.0433,0.0211,1.37e-05,0.213,0.364,100.049,198160,946694
714,115,362,0.734,0.765,-5.562,0.0621,0.151,0.0,0.231,0.518,109.989,163636,942923
716,117,6,0.483,0.412,-8.461,0.0402,0.737,0.0,0.116,0.247,170.163,203569,931115
717,118,372,0.575,0.571,-7.906,0.0439,0.0558,0.0,0.0912,0.449,105.049,197947,924069
719,120,3,0.556,0.538,-5.408,0.0382,0.0689,0.0,0.196,0.291,143.95,223347,912543
720,121,44,0.63,0.694,-6.257,0.0253,0.00281,0.0,0.0719,0.216,97.005,195519,910394
721,122,4965,0.736,0.67,-6.702,0.311,0.186,0.0,0.114,0.845,130.032,169999,900649
722,123,5186,0.6,0.688,-8.339,0.201,0.159,1.29e-05,0.409,0.0793,99.977,156600,898241
723,124,13,0.601,0.724,-4.856,0.0486,0.0945,1.68e-06,0.12,0.508,102.061,207905,897930
724,125,48,0.497,0.693,-7.024,0.0565,0.19,0.0,0.215,0.358,111.539,296493,886466
725,126,4967,0.686,0.807,-3.324,0.0613,0.0481,0.0,0.0652,0.63,183.971,227476,873651
726,127,21,0.667,0.871,-4.905,0.0343,0.00569,0.00655,0.165,0.187,128.042,201560,869598
727,128,31,0.552,0.76,-4.706,0.342,0.0733,0.0,0.0865,0.639,135.702,260000,862467
729,130,4960,0.826,0.449,-8.33,0.0674,0.556,1.85e-05,0.273,0.337,128.028,236216,861383
730,131,9,0.728,0.801,-2.942,0.0683,0.279,4.71e-06,0.143,0.416,130.059,226627,861314
731,132,4968,0.669,0.308,-10.068,0.029,0.883,0.0,0.0984,0.52,64.934,121887,852531
732,133,2,0.595,0.773,-4.736,0.0549,0.0364,0.00108,0.334,0.711,180.073,173628,845085
733,134,46,0.791,0.745,-3.695,0.0464,0.354,2.93e-05,0.104,0.82,94.014,188560,842497
735,136,8,0.785,0.554,-6.571,0.0409,0.283,3.4e-06,0.116,0.144,128.047,150043,834417
736,137,26,0.691,0.716,-5.985,0.0351,0.0085,9.06e-06,0.263,0.507,112.035,187027,825114
737,138,2500,0.766,0.881,-5.158,0.137,0.0166,2.3e-06,0.347,0.674,112.027,174893,820627
738,139,5662,0.751,0.642,-5.165,0.087,0.0861,0.0,0.0953,0.388,95.045,169567,820408
739,140,44,0.642,0.772,-6.61,0.0848,0.0476,0.0,0.0646,0.589,153.995,164205,819625
740,141,1,0.922,0.581,-7.495,0.27,0.00104,5.86e-05,0.105,0.595,140.022,181263,818516
741,142,4964,0.708,0.648,-5.626,0.0449,0.0956,0.0,0.134,0.338,143.955,201707,812378
742,143,4964,0.799,0.539,-6.351,0.0421,0.199,1.66e-05,0.165,0.394,136.948,202547,810706
743,144,792,0.828,0.599,-1.624,0.149,0.381,0.0,0.0775,0.478,86.533,171692,808257
744,145,4967,0.749,0.752,-4.883,0.345,0.31,0.0,0.232,0.901,180.049,183753,799261
747,148,20,0.82,0.691,-6.646,0.0723,0.0115,0.0,0.344,0.683,142.027,135739,792263
748,149,86,0.854,0.569,-8.151,0.106,0.0609,0.0816,0.1,0.294,80.015,205040,787671
749,150,34,0.662,0.858,-4.844,0.0428,0.00163,0.0,0.0456,0.295,133.993,181673,787084
750,151,19,0.713,0.62,-4.513,0.0422,0.171,1.16e-06,0.118,0.206,130.09,211785,784553
752,153,2,0.684,0.811,-4.494,0.0714,0.161,0.000363,0.0871,0.721,87.866,250840,763283
753,154,67,0.797,0.533,-9.74,0.0412,0.0172,0.000152,0.103,0.329,131.036,146520,763103
754,155,2500,0.612,0.601,-7.089,0.164,0.168,0.0,0.117,0.525,147.018,223543,762765
755,156,9,0.825,0.69,-4.252,0.226,0.589,0.0,0.413,0.516,94.194,327467,761435
756,157,3,0.63,0.804,-4.183,0.0363,0.215,0.0,0.253,0.492,123.146,220293,760361
757,158,49,0.783,0.692,-6.156,0.329,0.485,0.0,0.12,0.26,100.082,159152,758824
758,159,5225,0.786,0.65,-6.839,0.109,0.363,8.17e-05,0.122,0.712,92.975,129040,758321
759,160,4978,0.681,0.372,-8.237,0.0432,0.64,0.0,0.169,0.476,91.873,201000,754527
760,161,48,0.692,0.497,-7.316,0.119,0.676,0.0,0.259,0.475,81.308,122067,753885
763,164,29,0.876,0.786,-4.884,0.306,0.0627,0.0,0.127,0.575,153.068,244679,751463
764,165,4989,0.704,0.859,-4.877,0.0996,0.0185,0.0,0.0215,0.926,105.115,217289,749042
767,168,2500,0.643,0.904,-3.694,0.0739,0.0776,0.0,0.189,0.481,103.028,195419,743474
768,169,4977,0.732,0.75,-6.366,0.231,0.00264,0.0,0.109,0.401,155.096,182707,742929
769,170,5019,0.398,0.838,-4.734,0.13,0.778,0.0,0.189,0.206,156.008,182341,741989
770,171,98,0.69,0.71,-5.144,0.335,0.25,0.0,0.108,0.726,192.068,200747,741935
771,172,14,0.681,0.709,-5.808,0.0371,0.29,0.0,0.0979,0.456,114.02,193320,739909
773,174,21,0.631,0.649,-5.892,0.0385,0.0817,3.8e-06,0.0934,0.421,93.95,194680,731118
774,175,2,0.548,0.704,-4.838,0.0777,0.0168,2.25e-05,0.143,0.288,104.666,185040,730844
775,176,4973,0.622,0.712,-7.321,0.066,0.0573,0.0,0.13,0.487,140.025,211360,729721
776,177,2500,0.848,0.933,-3.306,0.106,0.7,2.81e-06,0.184,0.506,139.998,171998,728439
778,179,43,0.755,0.599,-5.042,0.224,0.147,0.0,0.109,0.755,133.123,216632,727852
779,180,26,0.628,0.698,-5.608,0.105,0.0472,0.00143,0.0907,0.732,89.976,211667,727292
780,181,294,0.473,0.371,-10.219,0.0405,0.795,0.0,0.109,0.413,75.208,209400,719395
781,182,5013,0.553,0.502,-5.972,0.0409,0.299,0.0,0.764,0.296,129.976,210200,718753
782,183,39,0.741,0.813,-4.83,0.0452,0.204,0.0,0.797,0.765,123.842,190084,718218
783,184,5112,0.646,0.741,-4.973,0.034,0.0275,0.0,0.312,0.571,123.077,203000,708025
784,185,4967,0.715,0.872,-3.501,0.0547,0.154,0.000146,0.11,0.682,96.939,212493,706839
785,186,261,0.815,0.723,-3.611,0.0574,0.115,0.0,0.184,0.896,149.918,147990,700086
786,187,1,0.963,0.346,-9.309,0.53,0.0355,0.0,0.108,0.562,119.957,142273,699565
787,188,2500,0.692,0.711,-7.498,0.0317,0.225,0.0,0.12,0.875,125.135,216933,697842
788,189,24,0.908,0.621,-6.638,0.102,0.000282,5.39e-05,0.0958,0.421,150.011,177000,697378
789,190,4965,0.808,0.617,-9.32,0.442,0.113,0.0,0.734,0.632,149.962,166400,697048
790,191,4,0.781,0.445,-6.061,0.0295,0.474,0.0,0.184,0.591,78.998,281560,695458
792,193,91,0.71,0.789,-3.874,0.0722,0.0161,2.77e-06,0.451,0.717,142.929,131064,689574
793,194,13,0.724,0.804,-4.614,0.0448,0.124,0.0,0.204,0.306,124.987,197993,688716
794,195,25,0.777,0.831,-2.129,0.177,0.42,0.0,0.105,0.791,160.153,167898,682294
796,197,84,0.761,0.672,-5.887,0.212,0.0893,9.77e-06,0.14,0.437,160.077,192405,677419
797,198,20,0.753,0.686,-5.415,0.284,0.0677,0.0,0.193,0.886,132.055,194732,671624
799,200,74,0.681,0.94,-1.77,0.0386,0.0201,0.0,0.578,0.648,124.015,163851,669788
800,1,3,0.577,0.522,-6.594,0.0984,0.13,9.03e-05,0.142,0.119,159.772,218320,5273727
801,2,4970,0.768,0.517,-4.323,0.0312,0.186,3.8e-05,0.104,0.418,104.992,216897,4540789
805,6,4,0.757,0.748,-5.794,0.473,0.17,0.0,0.0759,0.693,90.052,221013,3209075
806,7,40,0.795,0.615,-5.211,0.0671,0.0786,2.98e-06,0.0855,0.393,110.009,199849,3132182
808,9,59,0.724,0.895,-3.617,0.0411,0.0322,0.0,0.097,0.64,96.022,173720,2927841
810,11,5129,0.659,0.716,-5.673,0.111,0.33,0.0,0.173,0.437,148.015,212120,2646623
811,12,18,0.589,0.731,-6.343,0.0868,0.0534,0.0,0.308,0.191,87.908,268867,2624451
812,13,94,0.936,0.523,-6.71,0.0597,0.239,0.0,0.117,0.699,119.889,124056,2530123
813,14,4964,0.52,0.761,-3.093,0.0853,0.256,4.96e-06,0.17,0.286,141.971,180823,2358919
815,16,4,0.587,0.299,-7.365,0.0263,0.779,0.0,0.123,0.356,94.992,259550,2243964
817,18,26,0.258,0.437,-6.593,0.039,0.101,1.27e-06,0.106,0.0967,180.043,239000,2133585
819,20,236,0.871,0.768,-5.401,0.122,0.283,2.25e-05,0.162,0.765,98.989,184067,2099160
822,23,22,0.726,0.769,-5.043,0.123,0.0293,0.0101,0.104,0.733,97.985,233902,1968505
824,25,46,0.814,0.813,-3.023,0.0561,0.03,9.33e-05,0.255,0.839,79.997,232550,1915015
825,26,2500,0.659,0.717,-4.202,0.0581,0.0393,0.0,0.0769,0.71,103.036,174800,1903268
826,27,2,0.775,0.679,-4.985,0.135,0.18,7.26e-05,0.068,0.619,166.008,193456,1858318
827,28,2,0.807,0.681,-6.268,0.0983,0.423,0.0,0.0962,0.676,140.006,297485,1856078
828,29,85,0.744,0.804,-6.327,0.0677,0.0231,0.0,0.0494,0.426,104.823,205715,1852258
829,30,10,0.838,0.771,-3.791,0.244,0.0117,0.0,0.0853,0.405,175.957,245387,1828604
831,32,23,0.677,0.497,-5.763,0.0809,0.152,0.0,0.0911,0.419,99.137,236853,1782960
833,34,4964,0.62,0.574,-7.788,0.0479,0.569,0.0,0.19,0.357,100.023,250173,1740727
836,37,5567,0.895,0.885,-4.182,0.268,0.11,4.04e-05,0.106,0.633,134.973,186027,1644960
837,38,5001,0.849,0.581,-5.243,0.0767,0.189,3.61e-06,0.0805,0.779,110.008,198237,1612481
838,39,10,0.909,0.546,-7.513,0.175,0.000704,0.000823,0.36,0.0986,138.043,224613,1610911
839,40,102,0.638,0.658,-6.318,0.0456,0.245,3.77e-06,0.0919,0.33,105.076,205748,1600999
840,41,4962,0.739,0.821,-4.233,0.0852,0.222,9.6e-06,0.311,0.693,171.077,188080,1594858
843,44,4960,0.743,0.855,-3.976,0.0436,0.141,0.0045,0.099,0.871,96.989,202453,1540172
844,45,2500,0.876,0.55,-5.464,0.152,0.0227,4.52e-05,0.294,0.557,129.924,201532,1516870
845,46,5015,0.707,0.629,-4.581,0.0563,0.259,1.6e-05,0.138,0.457,122.863,212459,1490064
847,48,3,0.765,0.688,-5.566,0.0841,0.633,0.0,0.0734,0.434,90.013,229573,1478194
848,49,4987,0.681,0.788,-4.323,0.0785,0.0482,0.0,0.0753,0.839,170.019,220117,1455475
850,51,5001,0.774,0.626,-4.432,0.0432,0.0969,3.12e-05,0.0848,0.777,100.041,211475,1424048
852,53,34,0.655,0.666,-5.309,0.0612,0.134,2.12e-05,0.0683,0.272,102.977,181812,1332507
853,54,2500,0.696,0.817,-3.862,0.109,0.075,0.0,0.187,0.782,98.064,216409,1322562
854,55,19,0.884,0.346,-8.228,0.351,0.0151,7.04e-06,0.0871,0.376,75.016,220307,1321363
855,56,1765,0.88,0.428,-8.28,0.206,0.149,5.07e-05,0.114,0.333,100.007,172800,1320126
857,58,2500,0.526,0.52,-7.985,0.0569,0.435,0.0,0.197,0.13,149.119,183637,1296524
858,59,2500,0.609,0.668,-4.284,0.0367,0.0552,0.0,0.167,0.811,80.924,288600,1268273
859,60,2500,0.893,0.745,-3.105,0.0571,0.0642,0.0,0.0943,0.872,101.018,223413,1263809
860,61,5024,0.628,0.797,-3.953,0.0596,0.0364,0.0,0.104,0.321,106.93,215064,1249335
861,62,4966,0.751,0.579,-4.036,0.0321,0.398,2.28e-05,0.133,0.349,105.031,199095,1249279
862,63,4973,0.857,0.8,-4.035,0.0583,0.381,0.0,0.0913,0.966,121.996,199440,1247838
863,64,2500,0.671,0.672,-3.094,0.0688,0.0329,0.0,0.118,0.632,97.979,204173,1228838
864,65,4999,0.66,0.786,-4.757,0.17,0.209,0.0,0.112,0.846,177.833,228200,1224705
865,66,2,0.705,0.714,-6.39,0.0792,0.0249,0.0,0.253,0.434,104.996,209733,1212164
866,67,50,0.658,0.678,-4.407,0.058,0.303,0.0,0.361,0.662,97.976,199111,1211468
867,68,64,0.75,0.76,-4.836,0.198,0.187,0.0,0.0548,0.893,183.817,195213,1196540
868,69,31,0.869,0.485,-5.595,0.0545,0.246,0.0,0.0765,0.527,106.028,204502,1195892
869,70,4970,0.643,0.709,-4.343,0.0733,0.145,0.000449,0.115,0.264,129.961,227088,1186589
870,71,59,0.704,0.633,-6.923,0.241,0.0214,0.0,0.29,0.863,144.021,203760,1179357
871,72,13,0.64,0.533,-6.596,0.0706,0.119,0.0,0.0864,0.515,99.968,220781,1162485
873,74,10,0.929,0.723,-5.792,0.109,0.0672,0.0,0.346,0.458,125.022,223962,1144537
876,77,28,0.845,0.709,-4.547,0.0714,0.0233,0.0,0.094,0.62,98.062,187521,1125019
877,78,65,0.739,0.792,-4.256,0.0418,0.091,0.0,0.0516,0.547,104.016,181615,1121036
878,79,4962,0.771,0.835,-3.388,0.0507,0.13,0.0,0.0601,0.817,91.012,238160,1112021
879,80,4961,0.744,0.739,-5.35,0.0387,0.00459,0.0,0.306,0.649,104.99,189467,1107453
881,82,307,0.703,0.868,-4.661,0.0291,0.15,0.132,0.104,0.733,121.03,193613,1096031
882,83,4967,0.755,0.789,-4.502,0.146,0.231,0.0,0.351,0.737,93.973,229849,1095907
883,84,2,0.896,0.673,-3.872,0.139,0.346,1.28e-05,0.206,0.714,131.99,213989,1085753
884,85,1359,0.669,0.616,-10.776,0.033,0.482,0.0,0.179,0.818,130.037,151667,1063820
885,86,10,0.901,0.529,-4.443,0.191,0.0519,0.0,0.179,0.146,138.003,307660,1056707
886,87,155,0.791,0.866,-4.236,0.0497,0.248,5.29e-06,0.0696,0.71,96.011,217080,1056482
887,88,4,0.624,0.876,-3.374,0.1,0.0735,0.0,0.327,0.781,99.943,170827,1050686
888,89,2500,0.746,0.877,-3.782,0.0666,0.0375,0.000833,0.233,0.751,107.985,166138,1048464
889,90,5576,0.639,0.548,-13.534,0.0394,0.29,9.68e-05,0.366,0.887,98.359,176333,1009073
890,91,4962,0.744,0.859,-3.166,0.0795,0.0256,6.27e-05,0.0881,0.787,91.977,232787,1007659
891,92,240,0.731,0.794,-5.126,0.0522,0.0323,2.59e-05,0.112,0.356,139.994,220454,1001201
892,93,276,0.542,0.859,-5.651,0.197,0.16,0.00466,0.137,0.403,159.797,208053,995157
893,94,4996,0.736,0.604,-7.357,0.222,0.0652,6.43e-05,0.124,0.574,155.007,264532,993488
894,95,4989,0.853,0.56,-4.961,0.0406,0.013,0.0,0.0944,0.86,134.066,206693,990805
896,97,4984,0.688,0.859,-4.447,0.0609,0.186,0.0,0.121,0.695,92.042,195813,974193
897,98,2500,0.736,0.795,-3.299,0.0545,0.498,1.21e-06,0.254,0.511,104.066,230813,974043
900,101,2500,0.72,0.763,-4.068,0.0523,0.406,0.0,0.18,0.742,101.965,251088,947003
902,103,55,0.69,0.622,-5.025,0.063,0.253,0.0,0.113,0.543,102.039,210400,941091
903,104,4984,0.742,0.859,-4.942,0.0482,0.0824,0.0,0.359,0.652,95.046,194742,930536
904,105,16,0.833,0.434,-8.795,0.431,0.0102,0.0219,0.165,0.281,150.062,204600,927901
905,106,2500,0.653,0.718,-5.232,0.213,0.00413,0.0,0.0537,0.216,82.034,202805,924216
906,107,2500,0.613,0.842,-4.332,0.219,0.0157,0.0,0.23,0.645,169.917,238726,913770
907,108,7,0.584,0.54,-7.786,0.0576,0.0895,0.0,0.261,0.195,137.972,220883,908282
908,109,86,0.921,0.467,-8.443,0.119,0.0149,0.000238,0.334,0.287,135.995,191252,905169
910,111,316,0.797,0.844,-5.482,0.275,0.0651,0.0,0.087,0.52,170.142,173600,885372
911,112,18,0.675,0.751,-3.539,0.0296,0.0604,0.0,0.0893,0.612,118.384,181279,877686
912,113,59,0.516,0.592,-5.465,0.0566,0.0247,0.0,0.181,0.271,82.05,236987,871345
913,114,14,0.675,0.649,-4.953,0.0315,0.0429,0.0,0.128,0.537,134.955,201240,854734
916,117,2500,0.721,0.873,-4.741,0.119,0.0789,0.0,0.0824,0.552,79.943,172687,849655
917,118,2,0.782,0.868,-1.715,0.04,0.0106,0.00252,0.29,0.884,96.042,265747,849533
918,119,7132,0.703,0.826,-7.179,0.0341,0.0322,0.00629,0.179,0.945,103.564,285373,848713
919,120,8,0.763,0.598,-6.865,0.0539,0.0714,0.0,0.112,0.182,140.987,190678,848035
921,122,5135,0.876,0.669,-6.054,0.138,0.163,0.0,0.185,0.682,124.007,213947,839516
922,123,24,0.8,0.585,-7.343,0.0924,0.264,0.0,0.153,0.779,126.058,213400,836192
923,124,8,0.674,0.506,-10.532,0.0434,0.173,0.0,0.0866,0.183,145.965,259333,833675
924,125,4984,0.746,0.745,-3.311,0.146,0.0474,1.71e-06,0.15,0.828,180.081,203853,831232
925,126,4960,0.73,0.538,-5.612,0.0319,0.188,0.0,0.123,0.215,130.023,279613,826758
926,127,21,0.548,0.65,-5.827,0.0591,0.219,0.0,0.225,0.557,144.937,194897,822743
927,128,98,0.635,0.713,-6.909,0.0937,0.228,0.0,0.0506,0.749,179.864,204701,821046
928,129,5410,0.823,0.419,-10.358,0.165,0.416,0.0,0.105,0.277,119.958,187453,818170
929,130,4964,0.736,0.449,-11.462,0.425,0.33,0.000162,0.0898,0.326,80.126,219080,810028
930,131,4982,0.735,0.451,-8.374,0.0585,0.0631,1.3e-05,0.325,0.0862,117.973,245200,809051
931,132,5187,0.67,0.838,-4.031,0.0362,0.0604,0.000611,0.159,0.717,104.998,222041,805552
932,133,5386,0.841,0.639,-6.052,0.0688,0.0156,0.0654,0.0545,0.675,99.002,241875,805187
933,134,121,0.681,0.594,-7.028,0.282,0.165,3.49e-06,0.134,0.535,186.054,230453,805098
934,135,4982,0.766,0.709,-6.471,0.123,0.204,1.41e-05,0.126,0.506,128.07,211853,803348
935,136,4,0.461,0.834,-4.868,0.0989,0.0232,1.14e-05,0.14,0.471,135.007,261154,795891
936,137,178,0.491,0.588,-6.177,0.0506,0.0281,2.01e-06,0.0906,0.193,113.608,269600,786095
937,138,638,0.751,0.501,-12.151,0.0551,0.234,0.112,0.0467,0.902,167.057,190627,781618
938,139,1,0.809,0.463,-11.377,0.0396,0.256,0.085,0.109,0.364,111.98,298941,780386
939,140,218,0.837,0.793,-5.048,0.0567,0.0261,9.04e-05,0.0743,0.87,124.988,151011,773725
940,141,47,0.89,0.633,-5.475,0.168,0.0232,0.000343,0.0993,0.425,139.948,233087,771214
941,142,170,0.874,0.487,-8.154,0.0641,0.393,2.96e-05,0.0524,0.746,144.956,203630,771134
942,143,4987,0.788,0.477,-7.348,0.0434,0.549,0.0,0.349,0.86,94.983,213027,759346
943,144,121,0.773,0.819,-5.946,0.118,0.426,0.0,0.0679,0.585,92.99,269187,758243
944,145,5239,0.909,0.493,-6.688,0.0735,0.128,0.000147,0.127,0.844,94.016,197120,755858
945,146,106,0.666,0.83,-5.715,0.0751,0.0123,0.0,0.191,0.702,113.03,236002,755334
946,147,4,0.649,0.589,-6.237,0.0558,0.00845,0.0,0.108,0.151,159.073,244827,753530
947,148,4970,0.74,0.303,-8.612,0.117,0.835,0.0,0.0782,0.819,91.958,213933,753103
948,149,5024,0.855,0.624,-4.093,0.0488,0.158,0.0,0.0513,0.962,117.959,180757,751095
949,150,4998,0.653,0.658,-6.428,0.0304,0.0215,1.66e-06,0.0939,0.219,99.99,221507,750455
950,151,5045,0.647,0.822,-4.662,0.183,0.219,0.0,0.0908,0.962,160.019,232720,746062
951,152,5185,0.744,0.836,-2.396,0.0507,0.0435,0.0,0.194,0.36,114.965,174933,740932
952,153,5050,0.529,0.607,-6.781,0.0574,0.104,0.0,0.0631,0.238,101.966,234107,737820
953,154,59,0.741,0.667,-5.445,0.134,0.0575,0.0,0.106,0.595,112.956,223504,729882
954,155,5306,0.853,0.606,-4.596,0.0713,0.0561,0.0,0.313,0.654,94.759,227600,718016
955,156,1793,0.65,0.658,-10.908,0.085,0.0887,0.00403,0.0526,0.883,100.541,239120,711739
957,158,127,0.623,0.909,-3.079,0.0758,0.158,0.0,0.0972,0.651,93.984,188787,710301
958,159,2500,0.708,0.693,-5.516,0.138,0.246,0.0,0.129,0.427,143.965,271080,709239
959,160,102,0.728,0.415,-6.852,0.0639,0.401,0.0,0.0616,0.455,114.145,176320,706421
960,161,8317,0.743,0.836,-6.465,0.116,0.0804,0.0,0.384,0.82,113.375,188987,705495
962,163,3,0.665,0.498,-8.185,0.0832,0.228,0.0,0.0757,0.127,81.967,179613,689559
963,164,59,0.766,0.919,-3.618,0.201,0.0961,0.0,0.134,0.926,120.931,166427,689134
964,165,4,0.614,0.379,-10.48,0.0476,0.607,0.000464,0.0986,0.201,107.989,258987,689062
965,166,175,0.702,0.84,-3.547,0.0879,0.0112,0.0,0.119,0.624,101.99,183573,688246
966,167,136,0.745,0.356,-10.425,0.0941,0.172,0.00943,0.123,0.607,160.033,326933,685796
967,168,2500,0.664,0.758,-6.583,0.21,0.00238,0.0,0.0598,0.701,99.259,235933,681168
968,169,182,0.708,0.868,-3.287,0.0431,0.0313,0.0,0.122,0.72,124.994,202999,668107
970,171,7051,0.805,0.558,-5.226,0.041,0.164,2.2e-05,0.0546,0.965,114.95,147600,664818
971,172,47,0.92,0.674,-5.662,0.264,0.307,0.0,0.104,0.741,141.967,304041,659755
972,173,4962,0.748,0.565,-5.895,0.0476,0.164,0.00169,0.103,0.812,175.92,193227,658173
974,175,224,0.4,0.915,-4.89,0.28,0.0846,0.0,0.0503,0.878,88.917,198773,655234
975,176,219,0.734,0.418,-6.678,0.0425,0.0129,0.0,0.0579,0.868,85.909,188174,653419
976,177,4977,0.795,0.728,-4.712,0.0544,0.207,0.0,0.237,0.582,146.979,228080,642191
977,178,4974,0.659,0.604,-5.084,0.0542,0.0889,0.0,0.105,0.407,126.135,190643,640463
979,180,27,0.781,0.765,-4.092,0.0385,0.534,0.0,0.152,0.564,104.987,198286,636375
980,181,113,0.774,0.611,-2.883,0.134,0.109,0.0,0.0805,0.388,89.995,161593,635727
981,182,3,0.675,0.562,-7.678,0.0352,0.233,0.0,0.0816,0.309,130.098,256533,630115
982,183,4960,0.808,0.69,-4.151,0.148,0.0583,0.0,0.103,0.64,125.086,223147,627539
983,184,919,0.482,0.849,-9.198,0.0452,0.641,7.74e-06,0.0414,0.937,124.631,155227,626247
984,185,60,0.611,0.644,-7.607,0.0553,0.124,0.0,0.124,0.13,105.969,221904,623563
985,186,4968,0.747,0.524,-6.807,0.245,0.0306,0.0,0.2,0.363,140.053,213132,620118
987,188,729,0.814,0.653,-0.02,0.0359,0.189,0.0,0.0876,0.706,130.099,228923,612672
988,189,27,0.476,0.718,-5.309,0.0576,0.0784,1.02e-05,0.122,0.142,199.864,205947,612443
989,190,355,0.779,0.867,-3.704,0.0457,0.0491,7.98e-06,0.197,0.915,138.858,258040,610962
991,192,24,0.638,0.523,-6.664,0.357,0.00454,0.0,0.0842,0.422,139.913,185947,604950
992,193,47,0.927,0.665,-5.313,0.244,0.061,0.0,0.123,0.175,127.076,343150,604710
993,194,29,0.468,0.444,-10.217,0.291,0.796,0.0,0.619,0.637,76.019,303640,604026
994,195,1307,0.532,0.767,-5.509,0.0574,0.00287,0.000513,0.39,0.755,127.361,210173,602320
995,196,5001,0.558,0.766,-5.953,0.231,0.263,0.0,0.32,0.182,96.281,203960,602217
996,197,181,0.663,0.713,-6.647,0.112,0.0353,7.68e-06,0.0843,0.69,101.965,197933,599127
997,198,8,0.866,0.648,-3.675,0.0543,0.009,0.0,0.0967,0.0798,150.058,140793,598895
998,199,2500,0.683,0.53,-4.918,0.142,0.207,0.0,0.394,0.645,75.016,190428,598202
1004,5,24,0.783,0.623,-6.126,0.08,0.338,0.0,0.0975,0.447,100.048,214480,2423809
1005,6,76,0.794,0.632,-6.163,0.0649,0.142,0.0,0.128,0.355,145.926,291893,2404515
1007,8,1,0.928,0.481,-9.35,0.287,0.105,0.0,0.176,0.613,134.007,210937,2375598
1013,14,2500,0.608,0.798,-5.092,0.0432,0.0736,0.0,0.156,0.501,92.943,185352,1877620
1014,15,26,0.639,0.785,-6.167,0.174,0.0174,0.00107,0.0512,0.686,191.95,210920,1867782
1015,16,44,0.49,0.485,-6.237,0.0406,0.0592,0.0,0.337,0.196,133.889,195840,1836326
1017,18,64,0.852,0.773,-2.921,0.0776,0.187,3.05e-05,0.159,0.907,102.034,195840,1729282
1018,19,5,0.648,0.738,-5.883,0.247,0.0408,0.0,0.292,0.603,159.145,226160,1709208
1019,20,277,0.647,0.932,-3.515,0.0824,0.00383,1.5e-06,0.0574,0.374,114.991,198774,1676456
1021,22,55,0.636,0.633,-4.23,0.126,0.371,0.0,0.102,0.512,99.721,181880,1561785
1023,24,165,0.697,0.691,-4.757,0.146,0.214,0.0,0.185,0.305,137.853,239293,1517176
1024,25,4973,0.469,0.68,-4.921,0.117,0.137,0.0,0.11,0.374,147.734,208733,1501003
1025,26,17,0.818,0.913,-3.06,0.0426,0.093,3.69e-05,0.161,0.536,119.986,219160,1475783
1026,27,5037,0.732,0.396,-9.348,0.0286,0.0841,3.58e-05,0.105,0.548,90.024,195920,1452851
1027,28,352,0.662,0.586,-8.821,0.0307,0.097,0.00272,0.115,0.296,90.0,194080,1451956
1029,30,4973,0.624,0.803,-4.105,0.246,0.123,0.0,0.114,0.821,166.018,187973,1309837
1030,31,5021,0.573,0.739,-5.74,0.129,0.0285,0.0,0.111,0.451,97.085,230227,1226269
1031,32,127,0.761,0.838,-3.073,0.0502,0.4,0.0,0.176,0.71,93.974,222560,1174740
1032,33,5052,0.495,0.762,-3.842,0.0862,0.591,0.0,0.0763,0.708,123.893,210293,1171887
1033,34,308,0.544,0.809,-5.098,0.0363,0.0038,0.0,0.323,0.448,145.017,197640,1107057
1035,36,5247,0.781,0.57,-5.874,0.188,0.273,0.0,0.196,0.858,107.059,193181,1103476
1036,37,69,0.707,0.883,-4.281,0.0602,0.0707,0.0,0.23,0.541,106.031,167038,1095676
1037,38,65,0.696,0.743,-3.838,0.0331,0.0778,0.0,0.0581,0.644,122.978,201254,1095613
1038,39,13,0.728,0.563,-8.053,0.134,0.621,0.0,0.179,0.352,100.017,217707,1085236
1039,40,50,0.676,0.929,-3.194,0.0458,0.186,0.000405,0.121,0.157,97.019,161200,1083462
1040,41,5103,0.339,0.214,-11.714,0.0375,0.908,7.47e-06,0.341,0.363,94.775,206640,1070571
1041,42,5015,0.486,0.713,-3.949,0.0524,0.0853,0.0,0.0839,0.297,121.028,226720,1065938
1042,43,4963,0.573,0.63,-8.389,0.105,0.189,2.31e-05,0.259,0.218,77.525,249213,1061585
1043,44,2,0.508,0.687,-4.361,0.326,0.551,3.41e-06,0.126,0.555,180.044,205600,1040937
1044,45,5284,0.24,0.598,-8.435,0.0369,0.766,0.0,0.117,0.776,201.629,151933,1033179
1046,47,4994,0.657,0.421,-11.378,0.412,0.352,0.000218,0.187,0.181,174.063,264747,1031089
1047,48,2500,0.886,0.525,-7.39,0.131,0.236,0.0,0.057,0.708,145.99,225205,1020486
1049,50,5273,0.94,0.335,-10.179,0.505,0.17,0.0,0.262,0.707,120.04,209640,1013089
1050,51,2500,0.741,0.34,-13.421,0.0446,0.614,0.0,0.0955,0.838,119.606,129893,1007935
1051,52,4967,0.663,0.92,-4.07,0.226,0.00431,1.69e-05,0.101,0.533,99.935,259196,941189
1052,53,2,0.832,0.772,-5.429,0.1,0.0559,0.000486,0.44,0.704,96.016,209453,921352
1053,54,5037,0.645,0.713,-5.355,0.0393,0.00835,0.0,0.113,0.566,74.989,214507,913532
1054,55,21,0.483,0.787,-5.244,0.102,0.112,0.0,0.257,0.58,122.058,191379,899291
1055,56,5021,0.314,0.555,-9.601,0.37,0.157,0.000108,0.067,0.159,179.666,175517,896184
1056,57,140,0.788,0.43,-7.757,0.0419,0.537,0.00261,0.0936,0.461,121.996,192846,895613
1057,58,531,0.803,0.569,-7.392,0.0739,0.0623,0.0,0.083,0.809,107.986,188889,867193
1058,59,2500,0.603,0.321,-11.489,0.0599,0.881,0.0,0.34,0.844,143.104,155600,854567
1059,60,2500,0.317,0.158,-16.485,0.0381,0.673,0.353,0.338,0.247,130.503,177480,849969
1060,61,65,0.739,0.833,-5.012,0.0463,0.35,0.0,0.266,0.699,117.99,195313,839201
1061,62,17,0.631,0.927,-2.787,0.0332,0.199,0.119,0.148,0.465,123.962,222160,811843
1062,63,61,0.78,0.575,-5.628,0.139,0.106,0.0,0.129,0.273,81.502,222360,797356
1063,64,1,0.804,0.648,-7.805,0.117,0.0573,3.49e-05,0.102,0.392,117.983,263373,795478
1064,65,5037,0.734,0.637,-5.677,0.141,0.0462,2.29e-05,0.0602,0.648,169.977,202333,794471
1065,66,5267,0.703,0.407,-12.155,0.0504,0.706,0.0,0.45,0.849,140.057,125827,793306
1066,67,238,0.492,0.275,-13.4,0.3,0.687,0.0,0.101,0.18,92.6,251034,789976
1067,68,9438,0.485,0.857,-7.059,0.0442,0.534,0.0,0.347,0.963,148.749,182360,786238
1068,69,100,0.803,0.585,-5.861,0.0432,0.103,3.94e-06,0.0644,0.593,105.017,214480,775147
1069,70,2500,0.599,0.642,-6.936,0.0363,0.164,3.33e-05,0.0992,0.349,115.412,222533,765740
1070,71,5252,0.602,0.707,-4.097,0.302,0.393,0.0,0.165,0.554,75.087,200187,761804
1071,72,50,0.589,0.651,-5.097,0.0306,0.0291,3.2e-06,0.111,0.166,90.011,212627,760674
1072,73,149,0.576,0.766,-4.943,0.449,0.028,1.68e-06,0.366,0.236,144.833,246761,755188
1073,74,4961,0.609,0.378,-9.828,0.438,0.835,0.0,0.28,0.515,100.418,233720,751790
1074,75,1,0.725,0.534,-6.238,0.0946,0.0752,0.0,0.0919,0.558,91.974,219320,741907
1075,76,4961,0.654,0.76,-3.669,0.045,0.0797,0.0,0.299,0.41,99.945,200787,741713
1076,77,5535,0.465,0.27,-16.661,0.0425,0.9,0.00104,0.145,0.58,94.518,129173,740785
1077,78,2500,0.502,0.786,-4.378,0.317,0.255,0.0,0.65,0.739,169.021,243491,740535
1079,80,775,0.807,0.887,-3.892,0.275,0.00381,0.0,0.391,0.78,160.517,144244,725419
1080,81,4998,0.626,0.717,-5.751,0.0375,0.017,0.0,0.261,0.56,105.039,247427,722332
1081,82,5524,0.541,0.909,-3.101,0.0358,0.128,0.0,0.128,0.962,203.862,220160,713999
1082,83,186,0.588,0.471,-7.287,0.0577,0.592,0.00146,0.0733,0.209,152.881,242081,703851
1083,84,5,0.464,0.63,-7.337,0.182,0.0464,0.0,0.295,0.527,132.96,204093,699996
1084,85,64,0.736,0.964,-2.147,0.129,0.198,2.32e-06,0.336,0.953,179.935,227707,699506
1085,86,2500,0.886,0.427,-10.028,0.145,0.0312,0.00099,0.0906,0.23,108.034,177184,698290
1086,87,570,0.328,0.607,-11.076,0.0315,0.318,0.0,0.765,0.395,146.537,213880,697893
1087,88,5059,0.774,0.739,-4.022,0.0952,0.0316,5.95e-06,0.119,0.823,126.002,246240,690916
1088,89,653,0.422,0.852,-3.546,0.208,0.0845,0.0,0.0687,0.666,82.914,248387,690563
1089,90,4961,0.666,0.543,-9.188,0.0446,0.511,0.0,0.0911,0.881,161.947,182947,688163
1090,91,4984,0.776,0.669,-4.933,0.0638,0.142,0.0,0.219,0.661,91.012,228467,686517
1091,92,1,0.607,0.476,-11.076,0.249,0.0773,0.0,0.113,0.347,122.976,245227,683044
1092,93,5098,0.596,0.838,-6.52,0.0704,0.0189,1.54e-05,0.108,0.472,94.982,240427,680820
1093,94,242,0.632,0.575,-6.478,0.029,0.0225,1.81e-06,0.104,0.188,90.037,183414,658155
1094,95,56,0.564,0.849,-3.516,0.0517,0.00868,4.68e-06,0.12,0.427,102.028,212647,655807
1095,96,4979,0.671,0.314,-8.091,0.244,0.11,0.0,0.0825,0.296,110.898,191600,654801
1096,97,2500,0.42,0.636,-7.216,0.22,0.494,0.0,0.122,0.784,156.104,215670,653084
1097,98,24,0.542,0.72,-5.136,0.0628,0.147,0.0,0.348,0.623,149.828,231360,652879
1098,99,1514,0.31,0.095,-17.828,0.0366,0.904,3.43e-05,0.128,0.188,72.76,190973,647838
1099,100,16,0.835,0.413,-9.81,0.396,0.373,0.00133,0.101,0.111,149.004,258880,644067
1100,101,4966,0.899,0.626,-4.228,0.292,0.076,0.0,0.0631,0.873,88.007,234320,637148
1102,103,5461,0.774,0.764,-5.445,0.0518,0.156,0.0,0.0383,0.912,118.997,219147,629765
1103,104,103,0.742,0.479,-5.83,0.0551,0.29,0.0,0.391,0.346,119.951,237300,628227
1104,105,4989,0.578,0.574,-6.209,0.0454,0.196,0.0,0.083,0.301,174.152,261240,628111
1105,106,501,0.783,0.467,-9.474,0.0503,0.729,0.809,0.109,0.236,90.838,237793,626436
1106,107,1,0.806,0.558,-6.538,0.172,0.00496,1.45e-06,0.16,0.26,85.011,251333,611927
1107,108,4963,0.772,0.504,-8.219,0.0761,0.129,0.0,0.125,0.244,140.035,237573,610746
1108,109,19,0.906,0.444,-8.692,0.384,0.136,6.44e-05,0.173,0.678,140.063,235040,608277
1109,110,557,0.271,0.551,-7.48,0.0457,0.582,4.16e-05,0.256,0.428,78.111,272467,606439
1110,111,5622,0.322,0.377,-7.385,0.0356,0.454,0.0,0.338,0.366,118.669,268960,594996
1111,112,27,0.611,0.7,-5.331,0.0436,0.0199,0.0,0.0549,0.213,104.981,220573,592532
1112,113,2500,0.779,0.671,-5.829,0.0814,0.153,1.12e-05,0.115,0.718,104.953,177095,592238
1113,114,2500,0.683,0.708,-6.244,0.0305,0.0398,0.155,0.686,0.355,92.991,237707,587481
1114,115,5,0.636,0.727,-5.852,0.106,0.0161,1.12e-06,0.151,0.358,107.988,244453,587429
1115,116,239,0.793,0.729,-4.77,0.0394,0.08,3.1e-05,0.317,0.488,121.972,195547,580117
1116,117,325,0.931,0.604,-1.41,0.0573,0.456,0.0,0.0488,0.864,129.926,144039,579222
1117,118,87,0.716,0.908,-3.254,0.103,0.0858,0.0,0.135,0.869,91.03,199693,579097
1118,119,393,0.822,0.544,-6.797,0.0332,0.562,2.4e-05,0.144,0.861,122.047,198001,572617
1119,120,4994,0.898,0.283,-12.335,0.356,0.319,0.000383,0.11,0.469,138.97,216520,572184
1121,122,44,0.609,0.887,-4.749,0.0507,0.0504,4.76e-06,0.09,0.316,97.99,191812,551943
1123,124,5098,0.69,0.524,-8.39,0.103,0.0415,3.16e-06,0.17,0.562,164.023,223080,545639
1124,125,5664,0.635,0.847,-3.152,0.447,0.533,0.0,0.154,0.568,166.072,234650,544768
1125,126,44,0.756,0.674,-6.518,0.0959,0.0184,0.0,0.158,0.389,111.995,251467,544631
1126,127,219,0.687,0.409,-7.751,0.0311,0.71,0.0,0.126,0.16,111.861,232600,543546
1127,128,2500,0.761,0.829,-3.203,0.0681,0.167,0.0,0.189,0.813,92.033,252003,543450
1128,129,906,0.617,0.567,-4.188,0.0828,0.0584,0.0,0.0933,0.505,90.246,217603,541114
1129,130,65,0.459,0.587,-6.983,0.0785,0.453,0.0,0.307,0.581,113.901,212424,540561
1130,131,4994,0.744,0.43,-10.604,0.309,0.455,2.73e-06,0.126,0.266,92.039,201667,539777
1131,132,4963,0.706,0.505,-6.923,0.193,0.142,0.0,0.164,0.388,160.053,218880,538082
1132,133,4962,0.721,0.687,-6.682,0.0782,0.0998,0.0,0.0679,0.825,175.914,226400,526017
1133,134,5012,0.695,0.672,-6.109,0.0345,0.014,7.95e-05,0.0756,0.245,104.988,235827,522612
1134,135,2500,0.723,0.809,-3.081,0.0625,0.00346,0.00123,0.565,0.274,98.007,176561,518836
1135,136,5352,0.774,0.511,-8.914,0.0319,0.322,0.0,0.0672,0.771,94.736,227653,515399
1136,137,4668,0.526,0.709,-9.882,0.0333,0.601,1.37e-05,0.327,0.832,91.638,184018,513422
1137,138,827,0.681,0.715,-10.609,0.0912,0.812,9.43e-06,0.0777,0.957,152.132,165733,512185
1138,139,2500,0.724,0.276,-12.25,0.0599,0.76,0.0,0.116,0.718,112.874,155933,508075
1139,140,6617,0.683,0.375,-13.056,0.0303,0.579,0.0,0.076,0.888,140.467,135533,506536
1140,141,4967,0.73,0.701,-5.885,0.106,0.132,0.0,0.151,0.785,175.95,207307,506040
1141,142,2568,0.628,0.484,-7.588,0.0319,0.469,1.23e-05,0.126,0.642,63.476,216627,501856
1142,143,5932,0.595,0.662,-6.858,0.0362,0.0178,0.0,0.0804,0.417,96.053,218447,500131
1143,144,818,0.562,0.906,-2.085,0.0758,0.105,0.0,0.145,0.674,124.146,205920,496527
1144,145,4963,0.738,0.885,-5.547,0.206,0.0133,0.0,0.0821,0.752,112.878,232880,495166
1145,146,5592,0.673,0.637,-4.518,0.0429,0.137,0.0,0.184,0.678,123.98,201160,495089
1146,147,5934,0.811,0.801,-6.0,0.0802,0.0548,2.09e-05,0.0742,0.693,105.055,195429,494361
1147,148,5235,0.608,0.174,-8.796,0.0332,0.851,1.92e-05,0.0855,0.193,112.175,260004,493523
1148,149,4973,0.746,0.754,-6.681,0.067,0.0152,0.0,0.0486,0.764,149.882,206880,490618
1150,151,5098,0.481,0.451,-6.095,0.0347,0.336,0.0,0.0872,0.289,157.966,295493,486030
1151,152,498,0.532,0.926,-5.536,0.0357,0.112,9.84e-06,0.318,0.814,140.137,272394,484675
1152,153,4966,0.68,0.954,-1.823,0.119,0.0244,0.0,0.112,0.521,104.029,247493,484112
1154,155,4961,0.845,0.567,-8.118,0.0956,0.59,0.00142,0.0811,0.793,125.02,205680,481855
1155,156,5103,0.647,0.465,-8.308,0.0428,0.865,0.0,0.0882,0.699,151.251,119787,479202
1156,157,5015,0.576,0.782,-4.825,0.0296,0.00778,0.0,0.285,0.355,141.153,224031,473653
1157,158,5015,0.694,0.712,-3.923,0.046,0.132,0.0,0.211,0.799,98.023,201122,468294
1158,159,1075,0.357,0.668,-8.444,0.0479,0.362,1.37e-06,0.727,0.407,139.986,267600,467340
1159,160,80,0.51,0.692,-5.825,0.171,0.00451,0.0,0.138,0.209,102.42,228361,466335
1160,161,4979,0.509,0.637,-4.83,0.0471,0.0717,1.08e-05,0.0789,0.378,172.006,224000,465664
1161,162,2500,0.7,0.139,-12.346,0.0607,0.902,0.0,0.185,0.49,84.485,206067,464948
1162,163,2500,0.772,0.547,-6.373,0.0541,0.0983,4.35e-06,0.107,0.0957,130.099,278107,464204
1163,164,2435,0.583,0.545,-11.698,0.0351,0.232,0.0,0.133,0.801,153.249,302600,460651
1164,165,5025,0.584,0.7,-4.275,0.0456,0.117,0.0,0.0939,0.438,124.944,202747,457531
1165,166,5103,0.594,0.389,-7.109,0.0517,0.785,0.0,0.0313,0.396,122.331,171093,456330
1166,167,8,0.711,0.739,-3.804,0.129,0.114,0.0,0.226,0.43,136.919,252256,451693
1167,168,2500,0.652,0.795,-5.192,0.174,0.156,0.0,0.123,0.788,135.018,304607,450488
1168,169,4978,0.426,0.177,-9.429,0.0436,0.954,0.0,0.317,0.317,133.483,170964,450319
1169,170,6381,0.706,0.674,-6.977,0.0337,0.11,0.000626,0.0784,0.545,113.956,207307,447214
1170,171,1005,0.418,0.106,-22.507,0.0448,0.994,0.0292,0.179,0.8,46.718,85267,446205
1172,173,5103,0.702,0.588,-5.914,0.0563,0.634,0.0,0.198,0.849,122.945,159973,442134
1173,174,1,0.903,0.62,-8.094,0.0587,0.00347,0.000119,0.0504,0.539,134.96,267067,441163
1174,175,5075,0.671,0.916,-4.014,0.0397,0.0282,0.00762,0.24,0.803,126.01,189127,440851
1175,176,5364,0.776,0.703,-10.696,0.0427,0.204,0.0,0.336,0.939,112.534,243400,436119
1176,177,4977,0.843,0.359,-7.417,0.461,0.069,0.0,0.12,0.156,81.987,163944,436094
1177,178,4990,0.772,0.909,-3.225,0.166,0.256,0.0,0.255,0.694,96.031,238800,435917
1178,179,4963,0.586,0.525,-7.163,0.0615,0.111,0.0,0.134,0.508,133.629,260253,435053
1179,180,4963,0.356,0.567,-7.011,0.0798,0.0861,0.0,0.137,0.109,135.553,242253,434145
1180,181,5771,0.88,0.605,-7.639,0.0531,0.104,0.00488,0.106,0.626,120.017,206099,432688
1181,182,1,0.852,0.553,-7.286,0.187,0.0559,0.0,0.332,0.656,142.079,205879,431363
1182,183,894,0.634,0.525,-8.968,0.47,0.0705,0.0,0.0729,0.49,130.271,222467,429355
1183,184,1527,0.57,0.763,-4.137,0.0573,0.0857,2.49e-06,0.0932,0.43,150.088,239853,429150
1184,185,5725,0.665,0.844,-3.777,0.0273,0.171,0.0,0.225,0.665,147.073,255733,426096
1185,186,5053,0.746,0.653,-6.745,0.289,0.378,0.0,0.229,0.672,75.016,253107,425582
1187,188,56,0.312,0.418,-9.146,0.0296,0.131,0.000679,0.0836,0.237,130.795,242496,424961
1188,189,2500,0.76,0.838,-3.828,0.0529,0.547,1.3e-06,0.0664,0.745,93.05,210323,424944
1189,190,4966,0.723,0.889,-4.017,0.0939,0.0673,0.0,0.363,0.701,101.032,224320,423269
1190,191,4963,0.665,0.771,-5.779,0.0533,0.0155,9.6e-06,0.46,0.764,109.948,265600,422381
1191,192,2435,0.887,0.48,-11.994,0.117,0.0094,3.58e-05,0.0662,0.607,95.846,193200,419275
1192,193,80,0.68,0.774,-3.136,0.0697,0.101,0.0,0.113,0.331,102.949,163841,417966
1193,194,16,0.722,0.331,-7.789,0.0726,0.337,0.282,0.146,0.102,143.961,313547,416583
1194,195,1,0.618,0.727,-7.224,0.208,0.0312,0.0,0.196,0.401,164.992,180520,414535
1196,197,5096,0.681,0.314,-9.319,0.0581,0.2,9.82e-06,0.1,0.166,139.992,208120,414350
1197,198,1027,0.675,0.937,-3.525,0.0509,0.152,0.0,0.154,0.567,103.961,218507,410270
1198,199,894,0.693,0.65,-8.376,0.192,0.0398,0.0,0.186,0.663,85.026,218480,407647
1199,200,56,0.491,0.693,-6.487,0.0377,0.211,6.92e-06,0.325,0.412,90.027,258267,406833
